Country Name,Country Code,1960,1961,1962,1963,1964,1965,1966,1967,1968,1969,1970,1971,1972,1973,1974,1975,1976,1977,1978,1979,1980,1981,1982,1983,1984,1985,1986,1987,1988,1989,1990,1991,1992,1993,1994,1995,1996,1997,1998,1999,2000,2001,2002,2003,2004,2005,2006,2007,2008,2009,2010,2011,2012,2013,2014,2015,2016,2017,2018,2019,2020
Aruba,ABW,,,,,,,,,,,,,,,,,,,,,,,,,,,,,,,36603.82924,38007.46853,38110.14715,38494.83345,39366.76707,38550.64657,37654.40345,39251.69677,39194.20073,38908.66821,41016.45258,38929.74866,36822.87535,36766.93349,38981.45478,38948.36766,39044.51281,39591.9089,39502.92256,35315.95717,33943.28932,34980.52425,34328.10066,35561.24262,35457.92497,37276.79494,37868.70151,38444.23816,,,
Africa Eastern and Southern,AFE,,,,,,,,,,,,,,,,,,,,,,,,,,,,,,,2849.889938,2764.989128,2626.403279,2534.882007,2512.505178,2553.769194,2624.761062,2641.908225,2619.980523,2622.65353,2637.683783,2662.395343,2692.616307,2704.643223,2784.008001,2888.274308,3010.147923,3146.330287,3216.197001,3178.585135,3258.418786,3322.823593,3377.867231,3446.309633,3508.401897,3533.094375,3530.424001,3553.522412,3562.906477,3552.358947,3371.814704
Afghanistan,AFG,,,,,,,,,,,,,,,,,,,,,,,,,,,,,,,,,,,,,,,,,,,1189.784668,1235.810063,1200.278013,1286.793659,1315.789117,1460.825751,1484.114461,1758.904477,1957.02907,1904.559926,2075.491614,2116.465258,2102.384604,2068.265904,2057.067978,2058.400221,2033.804389,2065.036235,1978.961579
Africa Western and Central,AFW,,,,,,,,,,,,,,,,,,,,,,,,,,,,,,,2803.552411,2764.276661,2759.090764,2660.70287,2588.574807,2575.979703,2626.709156,2654.248599,2678.302956,2651.635361,2669.9934,2741.770785,2922.399471,3006.974232,3152.668486,3247.896175,3326.721977,3414.02601,3524.874362,3634.414902,3766.843108,3848.366108,3946.47031,4069.360764,4190.720165,4194.754203,4099.370278,4091.835404,4107.313853,4134.253225,3995.039927
Angola,AGO,,,,,,,,,,,,,,,,,,,,,,,,,,,,,,,5783.429552,5649.78213,5148.254857,3788.509556,3717.365229,4139.64077,4551.650381,4728.156924,4792.684163,4740.669236,4727.966314,4766.836736,5240.839433,5218.207712,5593.243624,6210.222188,6681.101028,7341.865199,7864.374579,7643.495786,7692.434286,7675.446085,8036.692402,8140.525973,8239.830672,8036.410898,7568.998168,7310.896589,6933.499934,6670.331458,6198.083841
Albania,ALB,,,,,,,,,,,,,,,,,,,,,,,,,,,,,,,4827.318484,3496.580246,3265.017429,3599.027058,3921.851207,4471.87107,4909.228105,4400.577827,4819.387534,5475.169135,5893.136233,6441.853452,6754.536003,7154.784825,7580.629091,8040.878717,8569.191113,9150.518747,9912.577242,10313.92644,10749.48745,11052.79046,11227.99449,11361.29368,11586.86377,11878.48809,12291.87338,12770.97504,13323.75336,13671.48842,13295.41088
Andorra,AND,,,,,,,,,,,,,,,,,,,,,,,,,,,,,,,,,,,,,,,,,,,,,,,,,,,,,,,,,,,,,
Arab World,ARB,,,,,,,,,,,,,,,,,,,,,,,,,,,,,,,9391.567603,9354.061457,9626.079523,9618.949787,9648.16818,9605.322888,9819.934103,9987.01622,10289.3546,10269.74552,10702.88312,10651.79096,10474.26865,10732.60345,11412.70716,11758.28532,12157.04361,12417.46926,12836.82248,12643.49805,12918.70763,13106.66123,13594.54758,13721.75593,13795.4257,14027.06159,14225.01994,14143.58158,14220.18299,14211.41505,13385.23653
United Arab Emirates,ARE,,,,,,,,,,,,,,,,,,,,,,,,,,,,,,,111454.0557,106103.5527,103470.9246,98978.47461,100213.1562,101570.9921,102211.6388,105108.9963,100100.4357,97698.53739,102494.7146,98621.53639,95909.14536,97795.0272,97757.85515,90894.89881,86425.89722,76620.31506,68798.41826,58374.61533,54921.77558,56123.47988,57390.70052,59921.74783,62378.61005,65218.82044,66510.90299,67183.60531,66968.22118,67119.15325,
Argentina,ARG,,,,,,,,,,,,,,,,,,,,,,,,,,,,,,,14144.76367,15221.79215,16209.32598,17312.03457,18092.02081,17362.5218,18104.69781,19347.53704,19866.24505,18981.16838,18625.28355,17610.75539,15523.03878,16714.67013,18032.61143,19426.44014,20777.65271,22424.11773,23103.45652,21519.89362,23521.27018,24647.62927,24118.86752,24424.13645,23550.09906,23933.88661,23189.52745,23597.11775,22759.39856,22063.90437,19686.52366
Armenia,ARM,,,,,,,,,,,,,,,,,,,,,,,,,,,,,,,5180.061203,4616.944854,2735.786539,2554.172167,2757.23181,3008.233321,3234.069621,3378.944431,3654.052968,3798.67375,4048.249904,4464.385831,5081.518558,5823.716093,6472.141999,7419.87119,8464.485726,9708.415397,10467.52981,9052.383549,9286.197327,9725.27823,10397.65466,10691.27675,11019.83878,11321.33254,11303.06785,12115.13929,12715.10895,13653.76338,12592.63537
American Samoa,ASM,,,,,,,,,,,,,,,,,,,,,,,,,,,,,,,,,,,,,,,,,,,,,,,,,,,,,,,,,,,,,
Antigua and Barbuda,ATG,,,,,,,,,,,,,,,,,,,,,,,,,,,,,,,15458.45719,15588.02296,15500.49184,15991.91071,16698.14716,15628.08501,16303.17628,16828.09094,17260.30157,17551.46677,18313.34971,17207.65121,17143.32603,17952.77914,18743.28685,19683.54108,21848.88813,23510.70765,23131.57765,20047.71601,18205.73853,17605.17014,17966.06436,17642.86087,18104.40734,18594.26162,19419.5808,19840.28404,21030.39507,21548.72501,17956.31572
Australia,AUS,,,,,,,,,,,,,,,,,,,,,,,,,,,,,,,31058.25967,30542.91971,30298.92902,31213.07985,32114.83084,32946.90067,33778.06354,34727.19978,35940.01714,37334.47523,38343.00215,38559.90419,39616.3361,40298.88605,41449.84195,42217.13635,42761.40561,44128.72709,44835.36141,44771.48421,44991.78371,45463.682,46427.3682,46814.74151,47289.96461,47636.31964,48197.43119,48482.64746,49151.68871,49455.53851,48697.83703
Austria,AUT,,,,,,,,,,,,,,,,,,,,,,,,,,,,,,,37440.83712,38344.65386,38718.93305,38603.25855,39378.70612,40367.47105,41260.1714,42076.28765,43535.42175,44996.0546,46403.2777,46811.74677,47351.3347,47564.8639,48563.58866,49316.2647,50767.84844,52489.75721,53089.87634,50957.60638,51769.14556,53102.95084,53221.07866,52921.8171,52857.05632,52798.09946,53269.3062,54169.96399,55297.61829,55833.31569,52119.84825
Azerbaijan,AZE,,,,,,,,,,,,,,,,,,,,,,,,,,,,,,,7758.154036,7585.179517,5782.650277,4379.814078,3469.770316,3025.293877,3033.830388,3178.977396,3463.84201,3687.661015,4063.471641,4431.289873,4813.504185,5264.840526,5701.903264,7222.036075,9605.096108,11914.99483,12903.15192,13822.09111,14312.75612,13905.24576,14023.98072,14652.70425,14875.78164,14853.91055,14238.78414,14121.40694,14209.64941,14439.3014,13699.66559
Burundi,BDI,,,,,,,,,,,,,,,,,,,,,,,,,,,,,,,1184.842005,1215.887187,1202.106294,1105.228686,1044.716068,947.8222094,861.4828791,839.1968453,870.0438005,850.0469311,828.00046,826.0289412,839.7779004,804.8842137,817.4611585,798.704827,815.0536287,815.9081941,827.7923145,831.5648243,846.1691368,852.5026216,862.715713,877.2729649,886.2354167,825.2056607,794.6042714,773.5728587,761.5241252,751.6641528,731.0632297
Belgium,BEL,,,,,,,,,,,,,,,,,,,,,,,,,,,,,,,35501.53223,36018.21149,36421.45909,35930.49793,36975.83065,37778.40964,38202.91392,39556.36258,40246.35367,41576.78,43017.60359,43341.30371,43883.93016,44154.20241,45533.54831,46335.14621,47205.40514,48583.01858,48416.15888,47057.63984,47965.27075,48147.55536,48203.60035,48197.26236,48741.2146,49448.88506,49822.35712,50435.58344,51104.18272,51735.86688,48203.64194
Benin,BEN,,,,,,,,,,,,,,,,,,,,,,,,,,,,,,,2175.208576,2191.840607,2179.50723,2227.3532,2195.822052,2253.119526,2277.761816,2336.545872,2358.280127,2411.991564,2478.218238,2532.634052,2570.787304,2579.697807,2614.212455,2581.642252,2606.817449,2685.130261,2738.194385,2724.084767,2704.705484,2707.8697,2759.848256,2876.903909,2975.854782,2945.970221,2961.440416,3044.517156,3160.78067,3287.309538,3323.144451
Burkina Faso,BFA,,,,,,,,,,,,,,,,,,,,,,,,,,,,,,,1017.540051,1080.515211,1054.253612,1061.586864,1046.609681,1076.468663,1162.451422,1201.950978,1254.137139,1309.40259,1296.74796,1343.543543,1362.280175,1426.616712,1447.503656,1527.022159,1574.730122,1590.83027,1632.948589,1631.193828,1716.358323,1775.779179,1834.543308,1883.79654,1907.949213,1925.332075,1981.429814,2044.386987,2120.330268,2178.322879,2160.51153
Bangladesh,BGD,,,,,,,,,,,,,,,,,,,,,,,,,,,,,,,1517.729271,1534.525179,1582.3136,1621.326846,1648.734023,1696.567825,1735.922008,1775.964118,1829.503806,1876.599044,1937.729192,1998.06632,2037.23631,2097.168748,2171.688675,2279.531274,2399.082227,2537.111198,2659.049232,2762.180474,2883.466794,3034.951082,3195.78104,3349.025008,3511.645506,3700.110821,3920.144507,4160.703325,4440.85547,4753.726597,4818.094737
Bulgaria,BGR,,,,,,,,,,,,,,,,,,,,,,,,,,,,,,,12070.77397,11161.35355,10461.39562,10389.08504,10613.94211,10965.70807,11588.8398,10004.78104,10503.37004,9687.746342,10201.27812,10803.61929,11697.95364,12398.43536,13297.11352,14356.01968,15449.43509,16583.95878,17717.12183,17229.84948,17440.67188,17966.15806,18134.96084,18296.14689,18747.37005,19620.15398,20513.10095,21387.27664,22208.45228,23191.57458,22383.80554
Bahrain,BHR,,,,,,,,,,,,,,,,,,,,,,,,,,,,,,,38601.03273,41770.64215,43430.27134,47819.42395,46538.77472,47157.21676,47825.87425,47957.06856,48717.18204,48988.57018,49406.29103,48245.77548,47311.74551,47476.98335,47661.39407,47493.1484,46910.19114,47000.31533,46408.83208,44759.39472,44599.80497,44157.47964,45035.97855,46930.83073,48201.15717,48110.73419,47937.70906,47709.77802,46200.44558,45060.42374,40933.35266
"Bahamas, The",BHS,,,,,,,,,,,,,,,,,,,,,,,,,,,,,,,38099.25383,35837.46519,33815.95498,33289.7316,33742.4794,34675.67507,35656.48521,37659.5017,35562.87175,39430.77388,40518.17951,40953.48395,41372.2371,40135.99655,39757.66809,40353.97519,40596.80092,40408.38698,38746.78356,36500.06765,36504.40705,36253.6681,36961.74854,35620.71356,35659.93113,35400.64947,35558.0725,36298.448,37019.99505,37100.36296,30764.11597
Bosnia and Herzegovina,BIH,,,,,,,,,,,,,,,,,,,,,,,,,,,,,,,,,,,1653.422931,2053.398274,3946.668743,5344.156967,6180.710585,6757.74503,7114.552765,7419.013414,7804.168718,8110.316438,8600.436703,9350.944042,9856.968882,10441.79632,11035.03858,10755.97112,10938.28505,11176.87682,11257.83507,11725.25086,12066.58706,12630.66234,13194.3254,13753.83205,14386.73185,14896.79004,14339.83118
Belarus,BLR,,,,,,,,,,,,,,,,,,,,,,,,,,,,,,,8895.476512,8784.420451,7924.014893,7305.342583,6458.186142,5805.266913,5987.785689,6698.744568,7296.054591,7575.918326,8053.173638,8477.084011,8961.64112,9660.193688,10839.95627,11940.1866,13214.87158,14417.35353,15942.89768,16010.43996,17288.40435,18251.78094,18576.72868,18760.16352,19066.88682,18307.51967,17822.60659,18280.19892,18885.2355,19283.11715,19148.1751
Belize,BLZ,,,,,,,,,,,,,,,,,,,,,,,,,,,,,,,4797.703032,5247.494189,5783.784951,6044.091363,5931.97985,5817.812723,5715.967521,5707.158065,5697.616208,5971.367301,6521.470604,6619.142488,6739.016001,7175.460141,7326.42012,7276.98082,7430.709562,7276.539302,7339.258022,7172.117759,7208.610691,7174.189437,7178.7479,7110.021643,7236.735429,7271.754875,7121.966298,7108.753193,7176.184022,7166.352478,6047.676218
Bermuda,BMU,,,,,,,,,,,,,,,,,,,,,,,,,,,,,,,65961.40628,63958.89625,64385.40741,65967.85001,65904.72042,68313.38185,69643.40752,72403.88044,74677.09242,76772.32385,83181.52634,88231.78386,86364.15374,88727.31127,90195.81156,91114.07699,95615.3607,98257.9927,95855.80069,89961.98274,88399.91595,85829.37826,80982.36776,80503.65029,77361.10488,77842.7539,78149.35254,81834.95587,81422.1346,81804.26568,
Bolivia,BOL,,,,,,,,,,,,,,,,,,,,,,,,,,,,,,,4587.42938,4728.047507,4705.587144,4804.539977,4925.107763,5050.313793,5164.250072,5312.081014,5469.46974,5386.179218,5415.526059,5402.759483,5434.083846,5479.26691,5605.201881,5749.531648,5920.709775,6085.386451,6351.22621,6455.968369,6612.803356,6844.983782,7081.386127,7444.490808,7730.638401,7984.411982,8202.54423,8423.697558,8655.531497,8724.474186,7931.754308
Brazil,BRA,,,,,,,,,,,,,,,,,,,,,,,,,,,,,,,10517.67015,10490.48636,10264.74621,10566.2283,10949.5277,11250.57185,11317.67652,11520.33123,11383.88848,11269.00942,11597.14341,11598.69405,11796.97036,11782.4679,12312.33456,12561.81984,12917.91709,13560.54496,14110.34514,13957.67934,14868.32999,15318.30576,15473.71233,15800.03889,15744.34641,15059.2351,14446.41295,14519.84955,14663.44506,14759.02923,14059.3696
Barbados,BRB,,,,,,,,,,,,,,,,,,,,,,,,,,,,,,,13984.19252,13388.58911,12579.46817,12632.18974,12836.38128,13042.61573,13505.79813,14086.06561,14548.81834,14537.00203,15124.43624,14713.40354,14778.87225,15050.40346,15210.07184,15752.36013,16612.73457,16903.87296,16946.67096,16019.71463,15596.61681,15444.74632,15335.84805,15088.44135,15041.55475,15382.76569,15738.07866,15789.04116,15674.90432,15639.04784,12870.0425
Brunei Darussalam,BRN,,,,,,,,,,,,,,,,,,,,,,,,,,,,,,,71232.78943,71405.37812,72705.72804,70908.80819,71176.34193,72446.90163,72695.15211,69939.97718,67986.13835,68540.82093,69022.88016,69483.90486,70771.59882,71483.1809,70616.62004,69787.8222,71843.52336,71051.71079,68856.16169,66851.11704,67753.42177,69388.8132,69090.34149,66715.69265,64190.82415,63147.48349,60867.29187,60994.53156,60389.18465,62098.01134,62243.58315
Bhutan,BTN,,,,,,,,,,,,,,,,,,,,,,,,,,,,,,,2880.571658,2848.238815,2979.907445,3050.140953,3205.291336,3414.550755,3559.029162,3680.665341,3810.859781,4018.927489,4061.499026,4308.525604,4686.010847,4957.529129,5165.173469,5456.70775,5761.750141,6743.046532,6995.779305,7393.917855,8190.576223,8744.957643,9084.004455,9163.563551,9574.029004,10086.0728,10775.19031,11142.47467,11348.44195,11832.15825,10909.10017
Botswana,BWA,,,,,,,,,,,,,,,,,,,,,,,,,,,,,,,9074.2057,9460.145043,9470.341823,9406.429869,9510.116168,9935.453585,10266.24833,10863.27081,10666.32689,11447.33358,11439.9084,11253.94305,11727.1837,12059.20879,12167.01508,12484.23043,13256.97431,14051.54126,14616.00235,13235.95633,14126.38227,14770.43904,15245.98099,16786.09646,17264.3958,16714.39782,17117.27279,17253.6875,17634.65619,17776.80831,16040.00847
Central African Republic,CAF,,,,,,,,,,,,,,,,,,,,,,,,,,,,,,,1201.674665,1165.240259,1060.638246,1033.830959,1053.745934,1098.894561,1027.650038,1055.257751,1078.453826,1091.360827,1040.103835,1062.722306,1077.954127,998.9999451,1037.84467,1026.913908,1055.087334,1082.686648,1085.440256,1161.190011,1201.352197,1242.714801,1300.28881,824.9432757,822.6111949,852.7492366,884.4951965,912.8030453,933.1099506,945.1420429,928.5895075
Canada,CAN,,,,,,,,,,,,,,,,,,,,,,,,,,,,,,,,,,,,,,34041.8642,34704.64385,35790.47986,37202.49252,37317.7718,38177.41546,39276.7608,40435.03179,42056.02284,43367.62111,45898.46587,45861.61177,44013.19627,44871.28995,45832.57164,46136.55525,46714.92948,47574.96354,47532.48585,47467.91647,48327.61481,48807.43645,49017.41147,45910.17495
Central Europe and the Baltics,CEB,,,,,,,,,,,,,,,,,,,,,,,,,,,,,,,13943.98605,12600.74067,12347.60289,12544.34538,13056.3322,13819.0094,14475.91102,14765.51031,15172.74667,15464.50278,16165.46899,16789.69148,17519.82295,18280.63002,19426.90809,20447.86757,21854.39384,23339.70917,24402.26293,23620.85561,24042.82002,24861.57425,25111.44895,25514.80424,26343.5335,27440.60934,28386.8433,29879.60641,31289.84877,32579.98542,31356.28439
Switzerland,CHE,,,,,,,,,,,,,,,,,,,,,,,,,,,,,,,54367.98482,53200.98154,52594.63986,52052.1668,52294.56669,52196.06955,52222.72649,53279.24822,54749.51142,55440.14637,57321.64505,57857.66203,57418.47604,56967.35384,58173.42685,59468.17953,61468.86544,63356.2439,64280.06733,62161.70411,63528.07214,64032.16155,64127.01605,64548.68123,65326.15822,65657.44161,66272.57551,66697.57097,68139.28543,68474.26438,66358.98483
Channel Islands,CHI,,,,,,,,,,,,,,,,,,,,,,,,,,,,,,,,,,,,,,,,,,,,,,,,,,,,,,,,,,,,,
Chile,CHL,,,,,,,,,,,,,,,,,,,,,,,,,,,,,,,9850.013751,10445.13835,11421.46164,11977.46966,12383.34242,13288.36019,13991.44514,14828.56615,15272.03813,15023.47253,15638.58075,15974.21223,16293.78993,16783.56108,17807.83037,18635.31735,19604.42467,20347.49525,20841.17691,20299.00352,21263.25533,22338.68878,23301.30621,24007.70243,24173.9612,24441.32144,24532.26729,24471.61092,25029.83799,24968.50593,23325.38955
China,CHN,,,,,,,,,,,,,,,,,,,,,,,,,,,,,,,1423.896348,1534.705272,1731.657215,1949.534268,2178.924057,2391.477116,2601.363426,2812.711135,3004.427342,3206.730026,3451.679231,3712.338132,4024.355697,4400.825183,4817.211845,5334.646639,5979.781712,6795.174012,7412.874363,8069.354638,8884.588031,9686.61529,10397.56142,11149.86756,11917.3385,12691.82155,13487.82248,14344.42124,15242.98586,16092.30077,16410.7978
Cote d'Ivoire,CIV,,,,,,,,,,,,,,,,,,,,,,,,,,,,,,,4499.875363,4342.391888,4179.62285,4027.237551,3922.81724,4064.93372,4240.163679,4263.548765,4342.125774,4290.396128,4093.874782,4001.956311,3848.776086,3717.052553,3685.179703,3670.180922,3646.272188,3630.047645,3639.893481,3673.26125,3660.903847,3417.778385,3692.647643,3922.540884,4161.9403,4417.150215,4615.709257,4830.750515,5033.478826,5212.554021,5174.100553
Cameroon,CMR,,,,,,,,,,,,,,,,,,,,,,,,,,,,,,,3222.945028,3008.802097,2831.18836,2532.740305,2514.811052,2531.468262,2571.744547,2635.78983,2683.497693,2726.667906,2750.511165,2795.872001,2837.960712,2889.281185,3003.250985,2982.025081,3002.134719,3064.124804,3084.98522,3067.222499,3086.221474,3126.786237,3180.772335,3262.763299,3362.664809,3458.692713,3524.443041,3554.521539,3603.548275,3642.276273,3576.349499
"Congo, Dem. Rep.",COD,,,,,,,,,,,,,,,,,,,,,,,,,,,,,,,1819.723315,1606.326694,1382.761987,1150.83623,1066.468172,1039.752865,1000.689174,921.422433,885.7858948,828.2092557,751.5577568,715.6779282,715.4543989,732.5366287,757.6860992,778.9680436,794.429458,817.0695985,839.8155864,835.6117229,865.6840402,894.8265445,926.7878162,972.4559343,1029.790813,1065.242577,1055.572915,1059.810762,1085.893688,1097.94884,1072.210113
"Congo, Rep.",COG,,,,,,,,,,,,,,,,,,,,,,,,,,,,,,,5110.596127,5091.355972,5082.433697,4895.151982,4498.902782,4548.287085,4610.137385,4451.163459,4485.543737,4244.914044,4436.571913,4475.745478,4550.101166,4457.124399,4476.033398,4673.663766,4882.011918,4405.05655,4524.837238,4888.225013,5212.318733,5180.499572,5550.132935,5376.413891,5599.198788,5267.914036,4586.176301,4274.297251,3963.50577,3872.186022,3475.522464
Colombia,COL,,,,,,,,,,,,,,,,,,,,,,,,,,,,,,,8307.25326,8308.932643,8478.203182,8764.526634,9100.983493,9400.309197,9424.096947,9580.086741,9473.818705,8927.730067,9042.662791,9051.414235,9137.464303,9356.209684,9716.499107,10049.12618,10586.79488,11161.51332,11393.20223,11395.56214,11783.29991,12480.54655,12852.6257,13390.4852,13852.24205,14095.74836,14194.51566,14171.3205,14314.85558,14585.30249,13441.49295
Comoros,COM,,,,,,,,,,,,,,,,,,,,,,,,,,,,,,,3061.330914,2812.282501,2964.216714,2966.222955,2730.62804,2751.164083,2642.093769,2675.582616,2639.297729,2621.566381,2833.591016,2829.083472,2825.800985,2817.312764,2804.003873,2815.702121,2821.938477,2777.142236,2819.658741,2840.632898,2878.26971,2924.685517,2946.202224,3005.510857,2996.379345,2959.498097,2987.970275,3032.262133,3066.837847,3059.491726,3140.698772
Cabo Verde,CPV,,,,,,,,,,,,,,,,,,,,,,,,,,,,,,,1748.618506,1730.787103,1868.638379,1974.240589,2288.241204,2546.601186,2769.275079,3010.835457,3319.835075,3622.653753,4065.479413,4084.44402,4228.513083,4336.865171,4709.037239,4964.797459,5291.047556,6018.10724,6341.204481,6185.760917,6200.343536,6366.128511,6353.707703,6323.376461,6281.79397,6266.881778,6482.721549,6643.179891,6864.185297,7171.826424,6045.060884
Costa Rica,CRI,,,,,,,,,,,,,,,,,,,,,,,,,,,,,,,9598.754542,9562.868533,10174.44803,10619.39889,10821.6168,10995.54021,10877.61589,11206.15136,11739.84752,11977.91781,12199.72521,12401.21971,12615.89801,12961.02259,13338.76393,13673.89748,14473.38528,15451.86614,15971.88304,15630.59492,16264.6981,16776.65599,17389.66811,17620.13159,18041.55389,18498.25477,19073.23728,19663.08979,19868.76153,20105.99311,19017.78927
Caribbean small states,CSS,,,,,,,,,,,,,,,,,,,,,,,,,,,,,,,10216.14879,10351.11461,10552.1107,10820.19218,11021.30786,11240.53369,11514.03171,11843.96044,11898.62611,12351.53758,12686.32486,12872.47763,13248.6651,13942.5034,14410.07448,14804.4098,15711.14537,16140.36158,16259.49098,15614.81091,15732.21275,15833.10987,15924.86124,15982.33108,15949.25081,15965.04668,15673.16188,15612.36647,15826.72846,15852.19575,14724.90227
Cuba,CUB,,,,,,,,,,,,,,,,,,,,,,,,,,,,,,,,,,,,,,,,,,,,,,,,,,,,,,,,,,,,,
Curacao,CUW,,,,,,,,,,,,,,,,,,,,,,,,,,,,,,,,,,,,,,,,,29669.86461,30562.31835,30646.14873,30107.17996,29653.96471,29102.86384,28829.01689,28963.40996,29227.07658,28883.10378,28543.36071,28313.04862,28040.03605,27503.78944,26826.59238,26548.7,26009.528,25475.48966,25054.89523,24494.34261,
Cayman Islands,CYM,,,,,,,,,,,,,,,,,,,,,,,,,,,,,,,,,,,,,,,,,,,,,,,80305.02637,80387.00286,77786.05462,70246.09037,66709.34675,66084.09393,65664.63878,65428.34551,66155.16515,67067.19366,68307.19937,69572.49685,71598.197,73443.06174,
Cyprus,CYP,,,,,,,,,,,,,,,,,,,,,,,,,,,,,,,25286.28338,24822.34506,26442.70681,25992.48599,26962.57782,28692.37252,28591.26473,28933.28046,30327.21182,31488.62286,33013.98251,33950.95983,34813.67667,35295.36498,36576.87309,37803.57553,38930.61305,40053.41379,40484.61491,38618.00937,38379.0904,37562.44914,35719.3218,33456.28909,33207.77071,34472.29851,36523.73321,38050.85774,39559.48796,40226.80949,37655.18035
Czech Republic,CZE,,,,,,,,,,,,,,,,,,,,,,,,,,,,,,,23585.18149,20895.87976,20768.78817,20760.05425,21356.3128,22758.59681,23756.97839,23659.32079,23597.30618,23948.38503,24976.50632,25833.41467,26289.62614,27239.55944,28542.25482,30384.44665,32352.81297,33956.24598,34580.44335,32782.61235,33483.13759,34002.18978,33688.09983,33661.46842,34386.70491,36168.41856,37014.95929,38824.88792,39932.99219,40981.05651,38509.26691
Germany,DEU,,,,,,,,,,,,,,,,,,,,,,,,,,,,,,,36617.48198,38208.59215,38648.39075,38020.08993,38794.69384,39278.13076,39480.19211,40128.98364,40930.95549,41676.48338,42832.26448,43479.27079,43320.29826,42993.19658,43507.84894,43851.0898,45576.0208,46995.37015,47536.7708,44943.84095,46894.22692,49646.74722,49761.01466,49842.55832,50731.91996,51044.98936,51763.75491,52952.87502,53367.3319,53809.14125,51259.23956
Djibouti,DJI,,,,,,,,,,,,,,,,,,,,,,,,,,,,,,,,,,,,,,,,,,,,,,,,,,,,,,4028.43237,4238.944355,4488.802658,4709.523889,4885.205039,5214.072187,5534.766172,5481.114817
Dominica,DMA,,,,,,,,,,,,,,,,,,,,,,,,,,,,,,,7775.437361,7885.270711,8026.022726,8168.005422,8144.829448,8384.488924,8665.722436,8897.898208,9287.53573,9367.805224,9611.53337,9602.501686,9308.363873,9862.737606,10122.46625,10160.99441,10613.68924,11275.37812,12072.84744,11928.44473,12003.76608,11971.02013,11837.236,11708.145,12216.53184,11873.74184,12154.75144,11304.04333,11537.01907,11905.87052,9891.29194
Denmark,DNK,,,,,,,,,,,,,,,,,,,,,,,,,,,,,,,39027.97874,39469.32281,40108.89195,39979.75738,41969.68871,43015.67751,44013.38559,45260.13712,46096.36972,47298.53735,48907.0114,49133.2231,49204.89901,49262.64497,50446.5416,51483.27379,53322.289,53569.02802,52982.53174,50114.05005,50825.41229,51293.20618,51216.30941,51479.26645,52048.33549,52892.64603,54185.00848,55356.68078,56178.77463,57161.68639,55819.90953
Dominican Republic,DOM,,,,,,,,,,,,,,,,,,,,,,,,,,,,,,,6203.20781,6143.848158,6706.026132,7068.107888,7122.376245,7396.841992,7707.395196,8255.564811,8670.437847,9043.597783,9322.139196,9410.032484,9690.598875,9424.795253,9533.318944,10291.30322,11087.48196,11756.46662,11980.83946,11944.34813,12782.45717,13024.32852,13219.69413,13702.32121,14499.63041,15328.35951,16166.61153,16735.36442,17711.79553,18412.89999,17003.01302
Algeria,DZA,,,,,,,,,,,,,,,,,,,,,,,,,,,,,,,8746.351882,8431.388541,8383.769007,8027.376107,7792.084354,7935.179014,8116.959947,8074.759681,8360.151446,8506.345679,8710.455149,8855.020186,9232.427523,9771.684856,10058.43902,10504.85847,10527.42208,10717.78446,10796.90256,10782.36109,10970.70637,11078.24233,11233.53132,11319.09706,11512.70511,11696.96523,11826.16642,11737.41616,11642.19835,11510.55709,10681.6793
East Asia & Pacific (excluding high income),EAP,,,,,,,,,,,,,,,,,,,,,,,,,,,,,,,2171.519692,2301.935766,2499.53928,2720.34053,2957.209566,3197.629668,3434.204718,3616.43971,3598.394758,3766.111674,4000.300762,4216.933474,4496.990995,4835.977511,5211.769417,5651.669826,6184.998364,6852.616786,7354.809327,7834.566694,8520.223045,9150.107059,9758.680059,10370.50901,10986.15566,11616.77575,12268.19681,12977.82963,13717.1793,14406.08888,14431.60542
Early-demographic dividend,EAR,,,,,,,,,,,,,,,,,,,,,,,,,,,,,,,4438.843888,4533.296673,4620.37765,4685.904961,4753.357284,4808.617021,4995.463142,5120.778286,5127.260657,5164.236444,5297.751592,5283.612369,5314.768309,5525.705123,5782.869009,6036.645178,6306.296137,6578.088552,6709.675321,6725.633661,7063.623637,7315.237497,7523.580628,7763.379324,8018.430457,8313.16739,8631.909394,8939.074394,9185.797101,9304.617784,8748.673769
East Asia & Pacific,EAS,,,,,,,,,,,,,,,,,,,,,,,,,,,,,,,5114.246439,5314.562605,5515.486693,5725.169576,5995.824946,6302.48723,6615.174931,6830.098501,6741.596661,6946.988489,7278.74835,7478.374142,7781.907351,8144.753909,8596.967639,9082.100447,9652.447918,10361.71819,10798.06754,11075.26064,11885.79903,12505.19704,13114.55908,13747.6125,14351.77713,14968.90277,15604.3011,16328.97083,17052.91986,17701.00249,17540.60323
Europe & Central Asia (excluding high income),ECA,,,,,,,,,,,,,,,,,,,,,,,,,,,,,,,15219.12017,14281.75154,12670.52863,11810.75106,10465.74613,10235.79541,10171.60066,10359.26893,10172.28588,10402.67552,11226.15963,11611.68666,12251.44365,13077.85434,14179.53937,15149.52489,16360.65211,17606.69514,18356.24851,17149.9637,17883.6457,18811.88088,19391.26474,19986.04951,20229.60835,20193.95756,20410.34777,21097.43316,21669.98196,22081.85932,21609.4841
Europe & Central Asia,ECS,,,,,,,,,,,,,,,,,,,,,,,,,,,,,,,23446.09852,23181.84533,22575.74343,22105.08861,21917.89286,22236.61709,22532.47184,23151.43113,23617.41957,24260.27756,25361.26829,25957.15838,26455.17409,27035.01738,27999.56403,28821.64348,30037.46094,31207.76829,31567.21168,29969.29301,30714.36687,31492.65925,31579.46595,31814.00651,32233.70954,32657.98592,33118.76814,33977.00671,34653.59784,35211.70957,33330.82724
Ecuador,ECU,,,,,,,,,,,,,,,,,,,,,,,,,,,,,,,8293.740675,8450.151423,8432.61866,8406.557672,8571.739211,8575.674915,8539.337989,8723.829028,8826.386999,8243.411048,8176.344448,8350.885328,8541.672307,8625.792511,9178.418076,9503.69469,9757.375103,9805.651213,10257.39963,10148.86595,10340.9703,10984.28377,11431.37562,11818.58683,12078.47439,11896.37516,11551.61597,11617.91222,11561.74785,11370.6033,10329.19875
"Egypt, Arab Rep.",EGY,,,,,,,,,,,,,,,,,,,,,,,,,,,,,,,6086.686754,6016.906969,6152.929004,6203.068196,6321.250708,6483.315621,6671.089393,6897.521242,7138.212201,7422.835299,7744.715238,7867.50744,7905.41252,8007.645029,8184.065808,8397.032444,8814.14605,9274.977054,9763.504449,10031.03296,10340.07323,10302.44285,10301.10781,10290.19162,10353.6668,10570.44523,10795.80874,11014.48648,11366.33552,11763.25328,11951.44753
Euro area,EMU,,,,,,,,,,,,,,,,,,,,,,,,,,,,,,,32655.64601,33385.75711,33698.57783,33329.60558,34044.9658,34785.60045,35292.20189,36171.44564,37193.37027,38187.07344,39537.7478,40268.70151,40471.62338,40559.84572,41271.64671,41767.1633,42931.67638,44005.65868,43972.77169,41825.52164,42600.66739,43380.02349,42873.50689,42611.49769,43059.52996,43815.09025,44507.44801,45576.14681,46314.1455,46979.2221,43843.83342
Eritrea,ERI,,,,,,,,,,,,,,,,,,,,,,,,,,,,,,,,,,,,,,,,,,,,,,,,,,,,,,,,,,,,,
Spain,ESP,,,,,,,,,,,,,,,,,,,,,,,,,,,,,,,27543.91924,28173.38724,28296.25568,27859.54304,28388.01265,29042.34414,29691.0968,30661.65483,31876.43959,33173.1172,34757.61502,35874.75293,36337.5552,36750.44185,37249.77351,37963.36584,38858.47107,39520.82227,39240.39519,37430.6785,37319.47622,36884.25924,35769.46003,35371.73982,35968.62014,37377.06802,38477.57918,39528.92539,40256.95248,40803.62698,36219.93844
Estonia,EST,,,,,,,,,,,,,,,,,,,,,,,,,,,,,,,,,,,,12743.84299,13572.54707,15519.82858,16349.66014,16232.29813,17783.52421,18971.64761,20385.00424,22072.41648,23715.57889,26123.41424,28844.0984,31172.11289,29651.75963,25362.83175,26042.08999,28018.47932,29026.68567,29555.0161,30524.97473,31070.23463,32041.34671,33856.18111,35133.24416,36436.78792,35251.02301
Ethiopia,ETH,,,,,,,,,,,,,,,,,,,,,,,,,,,,,,,767.0135653,687.5431513,605.7706676,661.3124464,659.0914013,676.5866588,736.9477942,737.3295543,691.2163745,706.1643402,727.7666847,765.8093799,755.4346892,718.3330239,793.0937535,862.3553419,929.6944434,1008.135323,1086.699475,1150.206044,1259.022581,1360.938522,1437.376607,1545.177956,1656.634489,1779.084111,1894.897364,2021.562908,2103.515858,2221.404665,2296.827352
European Union,EUU,,,,,,,,,,,,,,,,,,,,,,,,,,,,,,,28493.33688,28808.70897,29009.74395,28769.39626,29464.1775,30230.85089,30791.08161,31535.5003,32429.53907,33301.23374,34561.27099,35296.14229,35659.80425,35920.34327,36775.41422,37408.00731,38651.31683,39805.4502,40023.79063,38220.43867,38961.2679,39741.60125,39394.76416,39299.56932,39850.70187,40715.13102,41480.15079,42645.74364,43527.32247,44333.25887,41639.23389
Fragile and conflict affected situations,FCS,,,,,,,,,,,,,,,,,,,,,,,,,,,,,,,2809.72747,2491.619493,2448.855221,2397.481626,2331.978336,2309.887798,2384.632243,2450.699068,2566.643849,2621.71897,2711.818769,2764.76925,2825.389887,2749.329224,3003.1217,3139.447879,3286.816708,3447.062517,3587.24438,3722.481393,3899.011538,3833.590383,4069.483056,4189.886328,4262.285855,4310.514522,4332.930575,4356.27667,4380.956346,4395.965514,4091.276023
Finland,FIN,,,,,,,,,,,,,,,,,,,,,,,,,,,,,,,32885.81882,30781.4719,29600.53056,29262.64403,30291.48503,31448.58228,32495.08711,34450.6586,36234.37296,37733.59722,39829.3204,40775.92588,41371.63306,42100.12073,43653.86265,44714.07931,46336.72702,48585.13018,48738.60398,44589.47274,45800.06209,46749.67889,45877.52101,45254.86413,44903.63734,44999.2953,46131.64852,47492.77728,47971.44782,48562.52537,47090.72578
Fiji,FJI,,,,,,,,,,,,,,,,,,,,,,,,,,,,,,,8451.442845,8146.95848,8538.589549,8599.272598,8912.173399,9019.280704,9344.222525,9042.425588,9075.12567,9798.376543,9575.878833,9732.451278,10027.45488,10117.54055,10630.50513,10656.16322,10771.45745,10573.61689,10566.92605,10319.38925,10547.93039,10787.66056,10919.49716,11429.35521,12057.98712,12569.1431,12820.7246,13429.30061,13846.15883,13684.36081,10997.47348
France,FRA,,,,,,,,,,,,,,,,,,,,,,,,,,,,,,,33732.01421,33897.23144,34268.54217,33905.88226,34576.54381,35177.65894,35548.62852,36250.68896,37413.43936,38494.94682,39732.28245,40226.62707,40388.62565,40433.49004,41272.63238,41643.98889,42367.56986,43127.21286,42996.20978,41546.49058,42147.67168,42864.01897,42790.63288,42816.27148,43021.39464,43345.78643,43705.14756,44577.06457,45284.00279,46017.76596,42313.19311
Faroe Islands,FRO,,,,,,,,,,,,,,,,,,,,,,,,,,,,,,,,,,,,,,,,,,,,,,,,,,,,,,,,,,,,,
"Micronesia, Fed. Sts.",FSM,,,,,,,,,,,,,,,,,,,,,,,,,,,,,,,2995.504774,3137.361365,3179.201045,3354.789309,3269.85575,3450.245515,3316.51308,3110.848423,3207.418526,3264.68726,3434.098093,3516.229126,3540.18659,3600.046998,3498.257303,3586.133831,3609.104771,3574.449808,3518.44284,3576.868629,3659.638766,3756.908631,3649.44968,3468.166617,3340.202883,3448.303692,3437.38984,3490.130487,3460.909048,3466.413293,
Gabon,GAB,,,,,,,,,,,,,,,,,,,,,,,,,,,,,,,18179.17,18770.60373,17704.52647,17917.21919,18099.39572,18514.56798,18703.16665,19284.53018,19465.24528,17297.80601,16567.24561,16522.19736,16093.40514,16060.68758,15767.17937,15761.14848,14894.69357,15334.72354,14378.49298,13934.85657,14415.44591,14883.49426,15082.65656,15342.18131,15437.26503,15510.03895,15359.7404,15006.84404,14744.43433,14950.07708,14399.86881
United Kingdom,GBR,,,,,,,,,,,,,,,,,,,,,,,,,,,,,,,30464.98856,30035.89352,30074.92008,30749.92476,31851.37706,32571.46779,33298.12816,34864.89683,36052.39529,37116.43949,38280.80027,39174.89002,39859.31381,40992.07204,41691.3885,42629.94822,43457.70177,44138.5205,43670.41458,41558.30083,42089.01364,42294.12046,42601.82841,43242.56767,44154.10561,44840.78264,45268.73045,45744.71049,46037.90054,46406.46175,41627.12927
Georgia,GEO,,,,,,,,,,,,,,,,,,,,,,,,,,,,,,,11135.46289,8724.290499,4769.996524,3346.568025,3045.042484,3243.846213,3740.485453,4268.695273,4511.488803,4737.405516,4919.23188,5236.222806,5572.622006,6230.821909,6632.814265,7315.19848,8049.906055,9109.897741,9358.61459,9097.421248,9736.732094,10541.4719,11295.75409,11740.08912,12254.64565,12605.14007,12963.74396,13589.70739,14253.40899,14989.25816,14089.30233
Ghana,GHA,,,,,,,,,,,,,,,,,,,,,,,,,,,,,,,2348.453398,2401.918585,2424.01032,2470.028585,2481.453088,2514.80901,2562.998197,2603.973604,2659.807398,2709.646622,2741.913672,2782.587322,2837.508897,2912.565645,3000.19282,3098.217871,3213.361993,3267.639468,3475.823158,3552.675942,3739.167647,4162.269826,4442.538582,4657.891441,4682.381406,4674.419061,4724.760708,4996.639907,5191.339692,5410.890858,5318.76952
Gibraltar,GIB,,,,,,,,,,,,,,,,,,,,,,,,,,,,,,,,,,,,,,,,,,,,,,,,,,,,,,,,,,,,,
Guinea,GIN,,,,,,,,,,,,,,,,,,,,,,,,,,,,,,,1507.640611,1503.801223,1511.113817,1545.648684,1565.266703,1594.929221,1622.749207,1662.661984,1679.691842,1701.729752,1704.956378,1730.302117,1783.849996,1771.660089,1778.051585,1794.383162,1777.134743,1856.26109,1889.18795,1825.673398,1870.800051,1932.505815,2002.321687,2035.318627,2061.694917,2087.935026,2253.477683,2417.803795,2499.707266,2567.033987,2670.823355
"Gambia, The",GMB,,,,,,,,,,,,,,,,,,,,,,,,,,,,,,,2265.233478,2248.38056,2245.610806,2240.453519,2175.50442,2127.874727,2108.828492,2145.030905,2152.681998,2220.519642,2270.486495,2327.354359,2180.852504,2257.277835,2341.173183,2216.186062,2137.818529,2137.857133,2205.114392,2283.18618,2346.720479,2091.828766,2135.744238,2131.436027,2038.802518,2058.658146,2036.877159,2072.646833,2158.077558,2222.87959,2159.441909
Guinea-Bissau,GNB,,,,,,,,,,,,,,,,,,,,,,,,,,,,,,,1994.661475,2049.613967,2025.793924,2022.608737,2042.459307,2088.255302,2284.369157,2386.301545,1683.250217,1667.63153,1722.757481,1723.453049,1669.270256,1641.028914,1647.578063,1677.708689,1675.770179,1688.813687,1700.285515,1713.763538,1747.237485,1839.692742,1760.883995,1770.476147,1740.896737,1800.063382,1864.263035,1925.237737,1901.931739,1939.28951,1847.465824
Equatorial Guinea,GNQ,,,,,,,,,,,,,,,,,,,,,,,,,,,,,,,1039.985049,996.8783445,1299.925476,1395.403468,1572.062326,1781.264878,2857.502271,6868.493172,8165.994032,9851.275584,11176.51896,17523.54516,20084.34301,21944.50566,29004.18672,32390.20744,33330.89057,36685.34335,41249.48658,39914.17531,34732.21915,35377.73649,36671.35744,33678.73784,32436.5535,28313.43316,24827.03212,22550.95816,20386.01387,18502.56396,17007.62478
Greece,GRC,,,,,,,,,,,,,,,,,,,,,,,,,,,,,,,24306.5524,24761.04476,24744.62833,24205.90049,24566.70379,24965.62407,25567.25646,26582.29752,27465.01574,28200.55616,29186.32455,30234.59596,31305.69367,33040.7683,34627.18067,34732.64407,36585.83956,37687.43334,37461.53877,35756.24552,33753.61775,30372.76057,28374.67695,27797.54473,28178.69021,28248.12596,28226.90728,28645.04362,29150.69449,29723.22196,27287.0834
Grenada,GRD,,,,,,,,,,,,,,,,,,,,,,,,,,,,,,,8813.923837,8923.6313,8784.025564,8517.895109,8565.27944,8665.594068,8985.947967,9384.236198,10440.33924,11116.31436,11613.41539,11333.73614,11678.74401,12738.90571,12614.82416,14246.99272,13641.28297,14442.88028,14541.85144,13537.79492,13412.79337,13444.64814,13206.97424,13427.55196,14317.32573,15142.06257,15613.69013,16217.49985,16801.95524,17050.29304,15065.87195
Greenland,GRL,,,,,,,,,,,,,,,,,,,,,,,,,,,,,,,,,,,,,,,,,,,,,,,,,,,,,,,,,,,,,
Guatemala,GTM,,,,,,,,,,,,,,,,,,,,,,,,,,,,,,,5557.828008,5608.270157,5727.304396,5802.324202,5887.892189,6029.52481,6060.48487,6177.568084,6334.642171,6424.299763,6496.093185,6489.820029,6585.89458,6608.81401,6672.811327,6749.744444,6968.315976,7264.967565,7360.98572,7258.265324,7331.711338,7499.299241,7586.329276,7729.607921,7934.744906,8120.917441,8201.263016,8317.364101,8457.23779,8648.262426,8388.390495
Guam,GUM,,,,,,,,,,,,,,,,,,,,,,,,,,,,,,,,,,,,,,,,,,,,,,,,,,,,,,,,,,,,,
Guyana,GUY,,,,,,,,,,,,,,,,,,,,,,,,,,,,,,,4843.092273,5128.401069,5495.849442,5901.427878,6364.831226,6663.981978,7198.835867,7672.270536,7585.446639,7852.72126,7776.308557,7969.708746,8064.488517,8009.706494,8128.435809,7965.378044,8371.962418,8972.305986,9112.208774,9454.099799,9789.0167,10276.03552,10780.96439,11117.52938,11244.44524,11261.81371,11631.0432,12005.4051,12477.57671,13082.20262,18679.98023
High income,HIC,,,,,,,,,,,,,,,,,,,,,,,,,,,,,,,32064.67755,32359.43018,32887.51239,33046.71547,33876.72458,34579.01948,35407.16333,36399.86641,37175.27599,38174.84388,39526.2636,39867.63085,40233.92321,40928.35263,42075.67715,43041.83734,44131.38519,45056.51597,44932.79162,43169.31309,44213.23985,44934.57846,45266.08025,45672.23873,46382.6407,47267.18932,47853.10305,48734.99372,49637.09218,50284.87371,47757.81113
"Hong Kong SAR, China",HKG,,,,,,,,,,,,,,,,,,,,,,,,,,,,,,,28798.4586,30189.15856,31803.28709,33200.2074,34420.24654,34546.41403,34453.83658,35910.65653,33517.19239,34030.77053,36317.1207,36252.66089,36690.39896,37886.46653,40862.67237,43690.39051,46463.58371,49043.94817,49788.81397,48459.96458,51360.96698,53472.99327,53785.15301,55230.85943,56359.29899,57215.94803,58096.29926,59849.24818,61062.94765,59586.20401,56153.9715
Honduras,HND,,,,,,,,,,,,,,,,,,,,,,,,,,,,,,,3990.029065,3749.173207,3866.115788,4002.9606,3899.714051,4024.992122,3984.568827,4049.974599,4077.550306,3935.731228,4108.774977,4109.769697,4154.925357,4235.623137,4390.473342,4546.240635,4733.547869,4914.323743,5011.607299,4787.863751,4866.973931,4956.402852,5065.456999,5113.459151,5177.415197,5283.416914,5395.614551,5561.994542,5680.362884,5736.181633,5138.385398
Heavily indebted poor countries (HIPC),HPC,,,,,,,,,,,,,,,,,,,,,,,,,,,,,,,1750.641439,1707.628067,1643.592962,1607.387432,1561.191217,1592.049192,1627.718318,1646.746545,1657.510122,1664.599158,1661.723558,1682.906514,1689.126536,1712.494159,1754.710049,1807.770536,1867.002165,1930.442564,1992.358469,2026.808135,2089.653658,2134.264055,2199.81801,2268.917114,2338.910294,2383.613903,2424.453426,2484.917554,2531.091447,2571.002046,2513.179863
Croatia,HRV,,,,,,,,,,,,,,,,,,,,,,,,,,,,,,,,,,,,15002.64875,16108.026,17190.92107,17595.53011,17504.17545,18183.58811,19455.78157,20548.41066,21700.29874,22595.54833,23538.75443,24708.29929,25966.09694,26460.89598,24548.79184,24280.60269,24316.24798,23807.31559,23766.97604,23782.50246,24562.45362,25599.84362,26800.11898,27799.84332,28753.51627,26465.12731
Haiti,HTI,,,,,,,,,,,,,,,,,,,,,,,,,,,,,,,3229.619556,3225.865247,2995.781848,2779.603303,2401.826815,2591.089803,2649.525671,2672.594015,2682.813535,2707.698156,2684.551926,2630.510953,2610.753854,2654.205006,2578.886534,2629.111261,2632.184267,2734.741354,2758.579956,2887.386675,2735.283617,2860.209386,2833.777734,2879.140268,2935.219925,2941.816081,2952.617094,2980.960584,2992.310411,2905.438565,2773.081364
Hungary,HUN,,,,,,,,,,,,,,,,,,,,,,,,,,,,,,,,16424.90912,15927.85268,15854.16005,16343.76319,16610.3165,16652.58523,17210.63493,17923.50523,18526.34502,19406.52134,20243.54225,21263.80884,22195.81946,23317.86912,24355.78192,25377.05222,25477.94929,25792.70252,24102.01369,24427.62873,24971.47736,24754.22591,25284.37005,26424.7204,27499.32447,28170.82136,29465.12624,31095.5575,32553.5237,31007.76841
IBRD only,IBD,,,,,,,,,,,,,,,,,,,,,,,,,,,,,,,5058.758014,5000.577239,4947.940208,4998.888602,5039.554854,5150.916749,5340.22924,5519.819127,5552.965586,5691.648946,5950.632393,6090.127666,6291.092188,6590.832726,7012.740872,7417.690339,7922.275479,8505.353078,8879.07485,8986.395303,9557.002975,10024.34674,10429.57013,10848.80473,11237.61785,11602.42283,12031.66669,12528.30132,13001.56914,13379.88911,12962.50284
IDA & IBRD total,IBT,,,,,,,,,,,,,,,,,,,,,,,,,,,,,,,4484.709777,4428.021953,4376.417457,4403.842633,4422.747435,4509.173996,4662.277935,4800.397863,4822.785081,4928.815251,5131.411567,5242.367942,5402.957995,5640.973768,5980.900992,6304.924025,6705.401575,7165.638504,7455.822204,7541.266124,7985.565384,8344.627037,8657.804957,8985.399875,9289.247638,9564.92459,9880.708275,10252.24307,10605.20314,10874.90033,10513.73166
IDA total,IDA,,,,,,,,,,,,,,,,,,,,,,,,,,,,,,,2101.561169,2077.743631,2058.593843,2017.923775,1978.186206,1996.356034,2039.329319,2048.972374,2063.82026,2080.228942,2108.899541,2154.974401,2210.426072,2270.272431,2366.41369,2457.353182,2552.430108,2653.339526,2725.439587,2802.329597,2899.562538,2977.46982,3066.707633,3177.887312,3293.135361,3374.41049,3429.32252,3515.034108,3609.241595,3666.063052,3570.50055
IDA blend,IDB,,,,,,,,,,,,,,,,,,,,,,,,,,,,,,,3154.420758,3138.191427,3156.522793,3070.461555,3028.438219,3023.816145,3083.133543,3062.959261,3068.131477,3063.99968,3102.277541,3158.889743,3280.970411,3370.64373,3540.214976,3666.483137,3789.197446,3910.130082,3961.68618,4078.104268,4200.678947,4287.735586,4376.012093,4513.292045,4661.57161,4738.75171,4740.282986,4786.586033,4868.262834,4866.653538,4725.13718
Indonesia,IDN,,,,,,,,,,,,,,,,,,,,,,,,,,,,,,,4532.540351,4762.388145,4986.783828,5224.165931,5529.232182,5892.071754,6258.436533,6458.072609,5531.303282,5497.814735,5689.260223,5816.425412,5996.189946,6198.653268,6423.720714,6699.272091,6974.445654,7319.434386,7657.594719,7906.261955,8286.73287,8680.213342,9080.066113,9457.018541,9801.166283,10149.60387,10531.11097,10935.63172,11371.72556,11811.97556,11444.96068
IDA only,IDX,,,,,,,,,,,,,,,,,,,,,,,,,,,,,,,1573.448367,1544.666862,1504.194436,1488.379056,1449.439925,1480.902045,1515.804771,1541.594496,1561.552382,1589.377471,1613.468528,1655.21419,1676.329197,1722.037242,1781.422174,1855.441321,1937.415421,2028.988727,2112.466576,2168.758284,2252.505164,2325.102333,2415.041732,2512.769265,2610.942368,2694.665136,2778.306475,2886.038537,2988.233043,3077.263158,3005.176996
Isle of Man,IMN,,,,,,,,,,,,,,,,,,,,,,,,,,,,,,,,,,,,,,,,,,,,,,,,,,,,,,,,,,,,,
India,IND,,,,,,,,,,,,,,,,,,,,,,,,,,,,,,,1814.012335,1796.170187,1857.067867,1907.33363,1995.190938,2105.52263,2221.966797,2269.139474,2365.551658,2528.730161,2579.838038,2657.939453,2712.822609,2878.134019,3056.395644,3246.868684,3454.774915,3663.725718,3721.890966,3958.271546,4237.02679,4402.015175,4585.388735,4820.851862,5119.102517,5467.035581,5854.223483,6185.910974,6521.996308,6717.17777,6121.314984
Not classified,INX,,,,,,,,,,,,,,,,,,,,,,,,,,,,,,,,,,,,,,,,,,,,,,,,,,,,,,,,,,,,,
Ireland,IRL,,,,,,,,,,,,,,,,,,,,,,,,,,,,,,,26455.5251,26811.43099,27519.41563,28119.50142,29621.01852,32308.76168,34417.54307,37827.34354,40713.06799,44492.71363,48030.21993,49779.07419,51833.29445,52530.55671,55078.93562,56983.2608,58230.07361,59572.11008,55751.0813,52372.87099,53002.46675,53335.722,53082.38763,53472.64317,57708.69075,71558.25323,72200.00346,77803.04283,83784.34298,86710.00929,90687.47605
"Iran, Islamic Rep.",IRN,,,,,,,,,,,,,,,,,,,,,,,,,,,,,,,8630.835216,9479.991509,9568.63699,9514.337005,9239.981221,9319.96827,9670.2045,9588.880812,9669.400579,9634.899825,10066.80278,10026.58229,10623.62769,11407.06163,11764.09684,11998.21486,12456.60988,13324.90784,13213.09562,13199.01869,13805.70382,14005.31334,12807.39475,12625.08749,13038.55506,12698.1092,14205.21163,14535.87358,13471.86064,12389.22335,12433.29698
Iraq,IRQ,,,,,,,,,,,,,,,,,,,,,,,,,,,,,,,7866.180801,2753.763535,3549.435808,4489.795395,4523.428389,4479.482213,4821.511623,5666.504821,7408.521238,8448.372197,9585.589628,9468.113307,8439.558177,5197.229672,7768.833483,7720.209472,7999.862459,8015.464844,8529.974511,8639.442175,8954.962785,9322.525523,10233.81847,10593.60897,10227.40578,10361.07222,11455.21154,10971.96768,10590.37081,10814.57423,9473.669542
Iceland,ISL,,,,,,,,,,,,,,,,,,,,,,,,,,,,,,,,,,,,33339.31672,34674.24742,36376.26323,38638.58311,39714.46233,41127.26106,42213.02084,42071.99663,42676.9062,45604.58706,47637.5615,49471.77373,52314.06629,52484.81945,48297.39035,46996.81518,47718.28547,47969.90611,49681.55668,49960.87106,51636.63128,54134.96601,55098.24908,56266.49808,56382.93331,51872.49851
Israel,ISR,,,,,,,,,,,,,,,,,,,,,,,,,,,,,,,,,,,,28385.19769,29034.3254,29415.52528,29895.44026,30044.39558,31469.0953,30766.57289,30167.88164,29961.04373,30672.79995,31290.86825,32462.19453,33722.03413,34121.9662,33624.32252,34858.02106,35802.8782,36002.38509,36820.86825,37537.063,37616.94487,38298.19981,38898.44359,39483.78562,40073.73725,38404.95005
Italy,ITA,,,,,,,,,,,,,,,,,,,,,,,,,,,,,,,36585.6799,37122.82193,37407.11132,37065.43412,37855.00774,38947.20131,39429.49556,40129.90188,40844.74561,41501.78837,43053.93306,43869.42794,43915.38534,43781.21998,44118.03664,44260.82742,44918.17035,45356.53672,44623.60202,42074.92125,42664.35527,42892.30556,41501.71123,40268.11279,39898.52646,40247.82904,40837.73763,41581.12079,42052.55638,42662.52237,38992.14838
Jamaica,JAM,,,,,,,,,,,,,,,,,,,,,,,,,,,,,,,8590.850006,8934.763737,9029.098356,9785.792271,9824.452984,9957.445226,9849.226109,9641.62633,9326.44613,9338.949605,9342.863004,9397.689172,9520.828275,9809.44011,9882.466925,9916.273422,10150.36179,10244.32899,10111.34997,9623.653199,9434.072884,9544.786036,9432.158142,9425.992465,9436.788468,9471.411556,9551.387248,9598.387388,9733.120824,9775.256683,8739.986672
Jordan,JOR,,,,,,,,,,,,,,,,,,,,,,,,,,,,,,,7924.177612,7634.969105,8253.8956,8164.679501,8164.830476,8333.854335,8248.917888,8318.497059,8403.646411,8536.919783,8741.727398,9035.144632,9377.645359,9558.458461,10105.46051,10577.29137,11002.22226,11399.96553,11662.89613,11650.36435,11315.50269,11016.39523,10688.28933,10414.92127,10284.67008,10145.83669,10036.5436,10003.57497,10013.39765,10071.37987,9816.554516
Japan,JPN,,,,,,,,,,,,,,,,,,,,,,,,,,,,,,,32518.53916,33498.01355,33656.93587,33374.25585,33611.71191,34415.20645,35413.29605,35675.67527,35126.89631,34945.73264,35851.83743,35903.64753,35835.28985,36307.63192,37088.87171,37754.3721,38248.2473,38771.26237,38278.04929,36103.30016,37576.0343,37654.66283,38233.33467,39056.2579,39223.9581,39878.39616,40225.35692,40966.59322,41279.11134,41477.28749,39200.65717
Kazakhstan,KAZ,,,,,,,,,,,,,,,,,,,,,,,,,,,,,,,13475.6399,11917.71405,11294.73658,10292.19832,9126.25583,8552.451997,8726.538477,9016.003247,8998.901209,9330.564789,10275.76187,11682.84179,12827.23108,13973.07774,15208.44025,16536.01541,18112.7787,19500.47894,19770.21665,19614.73532,20751.25724,21970.08392,22702.57884,23720.81607,24355.75612,24290.41763,24210.86296,24862.96612,25544.34476,26351.80444,25337.1524
Kenya,KEN,,,,,,,,,,,,,,,,,,,,,,,,,,,,,,,3209.913187,3150.235705,3025.796984,2942.362971,2928.586997,2967.578377,3001.868379,2931.409774,2944.299056,2930.014027,2867.746708,2896.051629,2833.968517,2839.094576,2903.916666,2992.340779,3099.352666,3221.252972,3140.612913,3156.436834,3329.853752,3439.343778,3501.789724,3611.82026,3709.152563,3824.759303,3952.758132,4046.234771,4203.838273,4329.871884,4220.440248
Kyrgyz Republic,KGZ,,,,,,,,,,,,,,,,,,,,,,,,,,,,,,,5158.317569,4671.52285,3978.909914,3362.829,2688.351778,2517.28445,2656.01772,2877.098569,2893.417535,2954.954122,3078.909252,3212.133547,3182.232895,3370.430199,3563.875363,3517.720509,3588.089918,3857.653909,4142.211454,4210.626347,4141.077206,4334.660789,4259.318204,4631.403267,4722.086002,4805.141092,4912.382484,5046.691535,5133.151915,5258.366696,4706.570238
Cambodia,KHM,,,,,,,,,,,,,,,,,,,,,,,,,,,,,,,,,,1763.817843,1111.166782,1182.447549,1214.926365,1228.299632,1252.339639,1377.498652,1481.656828,1570.073871,1642.608037,1752.041276,1902.096703,2120.551717,2313.343033,2511.901023,2640.631628,2603.583593,2716.699738,2862.908046,3022.596725,3191.861745,3364.278069,3546.339387,3733.524626,3928.373934,4159.338194,4388.800909,4191.850003
Kiribati,KIR,,,,,,,,,,,,,,,,,,,,,,,,,,,,,,,2134.123517,2096.533381,2084.515645,2076.42515,2085.859957,2057.732142,2061.102071,2061.900589,2160.200483,2090.794686,2183.675029,2115.495599,2158.802574,2164.140821,2089.876302,2150.095083,2102.975158,2097.088492,2006.888104,1979.543088,1923.107776,1920.101638,1979.902188,2034.127423,1992.233815,2168.997732,2247.919779,2235.694985,2254.059232,2270.108607,2291.907219
St. Kitts and Nevis,KNA,,,,,,,,,,,,,,,,,,,,,,,,,,,,,,,15160.70517,14833.42383,15348.82773,16213.54237,16877.45698,17591.97476,18446.67623,19528.44988,19267.94798,19707.35185,21459.73563,22324.2828,22346.04377,21194.45942,21768.34215,23617.31059,24113.64625,24037.06085,25291.9623,24057.94236,23710.3475,23933.40682,23194.22396,24225.8336,25521.20016,25569.48412,26075.7425,25360.09102,25901.6333,26235.55455,23259.36231
"Korea, Rep.",KOR,,,,,,,,,,,,,,,,,,,,,,,,,,,,,,,12656.39606,13882.42101,14590.533,15436.38786,16698.27616,18120.4939,19364.94137,20367.97364,19184.22375,21232.60976,22963.63854,23893.89701,25591.39905,26260.36841,27515.95177,28640.70624,29990.522,31569.9312,32275.12525,32363.96866,34394.49049,35388.97691,36049.19349,37021.13416,37967.47562,38828.741,39814.65893,40957.41806,41948.34601,42719.00026,42251.44506
Kuwait,KWT,,,,,,,,,,,,,,,,,,,,,,,,,,,,,,,,,,,,63724.59233,63284.58318,61687.47925,59725.68923,55034.89605,54984.85448,53578.72455,54322.87785,63008.51543,68233.74422,73155.58201,75224.66667,75580.79923,73022.83586,63886.13796,58810.3002,60887.57468,61416.86912,58995.26489,56647.33659,54834.29408,54708.88242,50855.46235,50478.49766,49853.64755,
Latin America & Caribbean (excluding high income),LAC,,,,,,,,,,,,,,,,,,,,,,,,,,,,,,,10410.8433,10573.19789,10652.1495,10915.65647,11296.0549,11148.66381,11406.02329,11813.42518,11932.99194,11807.50386,12047.40545,11900.07154,11794.79419,11928.79361,12407.12818,12737.87474,13225.70707,13771.03835,14127.58644,13668.06828,14418.30543,14916.63186,15132.05408,15411.51632,15488.59182,15422.69788,15257.68428,15406.76402,15504.6055,15479.42456,14289.40107
Lao PDR,LAO,,,,,,,,,,,,,,,,,,,,,,,,,,,,,,,1964.572977,1992.478793,2046.655519,2111.549213,2227.943118,2330.157645,2438.904044,2555.35158,2608.043802,2750.092481,2861.27184,2977.796986,3106.008562,3245.185009,3399.34983,3584.320291,3830.395609,4052.83832,4296.483673,4542.181363,4850.175067,5158.835576,5489.040283,5841.881828,6193.340326,6543.670689,6896.127374,7257.812107,7592.829475,7886.652814,7805.798556
Lebanon,LBN,,,,,,,,,,,,,,,,,,,,,,,,,,,,,,,7552.859281,10829.09421,11976.1898,12570.80769,12961.87854,13308.87993,14473.38323,14435.12418,14822.11284,14530.79101,14361.68302,14359.25335,14171.82956,13941.86675,14283.96284,14263.71494,14299.10335,15605.5638,17030.14739,18584.38364,19499.1728,18727.01294,18039.02895,17537.62275,16970.43617,16299.20776,16100.9228,15987.65434,15588.15287,14551.59371,11649.05011
Liberia,LBR,,,,,,,,,,,,,,,,,,,,,,,,,,,,,,,,,,,,,,,,,1699.020836,1686.19529,1708.693591,1173.307339,1181.545028,1212.07045,1265.867484,1333.422223,1370.907814,1387.329731,1420.046246,1488.277275,1561.304987,1652.187994,1621.344665,1580.479228,1516.355714,1515.64454,1497.004787,1427.81909,1353.84292
Libya,LBY,,,,,,,,,,,,,,,,,,,,,,,,,,,,,,,,,,,,,,,,16402.96086,16746.27387,16193.08719,15783.09818,17553.5532,18048.94251,19883.48291,20858.53651,21857.13203,22129.19375,21685.02288,22539.89276,8479.947964,18806.7838,16160.11024,12201.20468,11022.42921,10592.43094,13238.00054,15017.99357,15174.16252,10282.29108
St. Lucia,LCA,,,,,,,,,,,,,,,,,,,,,,,,,,,,,,,11709.59952,11587.19385,12353.69435,12283.28895,12335.30474,12397.90269,12591.69123,12331.70414,12926.80417,13103.75976,12963.85387,12407.49117,12364.73673,12800.65278,13621.38388,13433.74815,14096.06529,14140.76104,14634.01222,14037.3913,14109.41343,14760.49066,14637.9295,14105.31642,14288.82231,14029.59092,14516.24212,14945.73328,15261.36435,15448.34491,12270.01329
Latin America & Caribbean,LCN,,,,,,,,,,,,,,,,,,,,,,,,,,,,,,,10557.67101,10731.99483,10848.88156,11122.55495,11507.91927,11400.19795,11674.17285,12104.72067,12244.73049,12127.10099,12379.44776,12256.58566,12159.69066,12303.91255,12815.10551,13155.55657,13654.17747,14198.62199,14552.82573,14087.15851,14834.31335,15341.17132,15575.15912,15863.76275,15943.65725,15895.75138,15751.62673,15906.63183,16033.62129,16025.18456,14813.20289
Least developed countries: UN classification,LDC,,,,,,,,,,,,,,,,,,,,,,,,,,,,,,,1490.796696,1470.752907,1435.369876,1394.555007,1364.371946,1405.891014,1448.525077,1475.835488,1494.091955,1521.665491,1548.151433,1591.932898,1630.057327,1676.387865,1744.808765,1839.187779,1934.539493,2046.888549,2143.307135,2201.351271,2287.050667,2352.556116,2440.450636,2528.986868,2625.856804,2697.990306,2760.495134,2847.011023,2930.621153,3004.852949,2928.332553
Low income,LIC,,,,,,,,,,,,,,,,,,,,,,,,,,,,,,,1219.213164,1179.342977,1116.158827,1087.620769,1055.302536,1071.733309,1099.119834,1115.078493,1114.176679,1119.939573,1116.311773,1146.320175,1157.164783,1181.65274,1220.150584,1274.41505,1330.190136,1401.713442,1460.840136,1500.160941,1566.87067,1600.934969,1649.846444,1710.952932,1779.009635,1822.948273,1863.070634,1911.651775,1952.732145,1989.919138,1962.79496
Liechtenstein,LIE,,,,,,,,,,,,,,,,,,,,,,,,,,,,,,,,,,,,,,,,,,,,,,,,,,,,,,,,,,,,,
Sri Lanka,LKA,,,,,,,,,,,,,,,,,,,,,,,,,,,,,,,3878.309224,4008.138176,4137.053304,4376.128198,4577.861297,4790.348626,4938.710129,5225.577589,5443.483969,5647.558163,5949.969854,5816.473769,5999.256864,6302.215762,6589.463314,6944.226564,7419.41365,7865.368073,8274.17512,8507.592667,9126.865344,9827.621798,10712.39703,10990.07027,11428.10757,11890.51618,12287.47271,12584.10442,12860.32045,13070.12526,12536.94139
Lower middle income,LMC,,,,,,,,,,,,,,,,,,,,,,,,,,,,,,,3181.390027,3168.657958,3177.950888,3149.052712,3142.041605,3218.566105,3332.803384,3382.301507,3363.377916,3450.120628,3542.038085,3626.338824,3729.139689,3901.753514,4096.082407,4279.546944,4489.915136,4724.582616,4841.268752,4975.863285,5221.807101,5392.187982,5540.077241,5736.447883,5963.94598,6181.087117,6468.194068,6719.906279,6949.763526,7102.40375,6718.347708
Low & middle income,LMY,,,,,,,,,,,,,,,,,,,,,,,,,,,,,,,4351.837076,4301.371732,4244.582496,4268.010921,4281.36752,4359.626632,4505.007915,4634.280155,4651.281844,4755.261905,4951.973457,5061.971502,5220.643252,5454.19934,5786.832889,6105.445673,6496.085045,6946.088545,7230.734142,7317.752788,7756.437922,8108.111862,8419.832963,8746.347828,9046.754894,9316.527163,9628.61312,9993.125095,10335.76106,10598.26851,10250.20021
Lesotho,LSO,,,,,,,,,,,,,,,,,,,,,,,,,,,,,,,1394.072484,1458.008206,1524.652798,1543.5629,1601.514384,1621.742104,1680.908424,1713.260396,1713.939596,1703.163015,1757.792336,1817.774808,1836.259797,1930.906807,1975.725031,2054.281101,2147.831007,2241.166973,2364.68206,2331.467413,2447.558671,2549.994042,2696.466716,2726.480753,2752.870802,2817.51013,2896.065949,2782.955985,2727.018655,2694.963423,2377.869901
Late-demographic dividend,LTE,,,,,,,,,,,,,,,,,,,,,,,,,,,,,,,5275.952158,5211.130603,5082.739546,5165.72188,5248.1606,5440.616951,5624.493338,5839.700448,5890.42424,6100.782025,6476.513521,6750.038319,7092.072584,7520.27231,8068.449653,8613.02736,9329.850495,10183.95879,10794.62031,11014.73702,11782.06933,12504.79681,13131.98931,13745.92038,14315.94848,14818.47405,15333.43324,16005.56919,16742.32367,17408.37514,17297.15572
Lithuania,LTU,,,,,,,,,,,,,,,,,,,,,,,,,,,,,,,,,,,,10640.36003,11274.64011,12302.1012,13317.90773,13259.61695,13846.68329,14872.37909,16004.4389,17839.78274,19226.46927,21053.1846,22977.99665,25835.36802,26784.88003,23065.06196,23942.76036,25968.58342,27330.89595,28589.02666,29855.83149,30748.19631,31925.80342,33761.87124,35427.46186,37062.58675,36732.03474
Luxembourg,LUX,,,,,,,,,,,,,,,,,,,,,,,,,,,,,,,67641.5636,72510.67822,72855.88763,74904.0256,76714.1769,76727.44884,76741.05908,80112.22614,83904.5498,89799.41699,95901.0204,97165.58374,99825.46358,100226.5215,102381.313,104025.4159,107681.0167,114889.18,111409.7238,104598.8319,107703.4539,108010.7086,105075.9611,106427.4563,108414.7519,110446.0861,113035.8347,112308.1738,113589.6705,113940.2374,110261.1574
Latvia,LVA,,,,,,,,,,,,,,,,,,,,,,,,,,,,,,,,,,,,9506.29731,9861.003287,10842.58079,11639.31996,12056.09251,12863.30935,13854.40956,15009.05998,16433.03952,18025.7035,20175.8162,22802.36632,25294.38873,24711.10745,21540.08556,21023.90133,22795.19771,24060.98577,24881.90877,25387.00765,26621.27223,27503.1773,28650.00776,30036.08655,30858.75007,29932.49391
"Macao SAR, China",MAC,,,,,,,,,,,,,,,,,,,,,,,,,,,,,,,49057.71087,49442.42444,54674.98118,56285.40948,57496.95903,58204.24,56802.374,55518.00004,51910.98733,49624.13351,51324.92626,51582.63187,54816.66644,59688.77737,73750.30545,77846.91466,86315.05868,96715.02295,97912.85966,97056.46335,118774.2315,141140.1214,150575.207,162915.7453,156106.6255,120136.4113,117236.6161,126919.6535,133189.1356,127903.1801,55117.54361
St. Martin (French part),MAF,,,,,,,,,,,,,,,,,,,,,,,,,,,,,,,,,,,,,,,,,,,,,,,,,,,,,,,,,,,,,
Morocco,MAR,,,,,,,,,,,,,,,,,,,,,,,,,,,,,,,3816.993613,4018.550264,3864.744317,3770.517324,4101.798323,3820.536759,4231.492166,4108.999419,4349.61545,4341.829861,4370.799491,4634.192774,4721.948695,4944.388387,5120.825944,5227.562631,5558.049056,5687.227352,5952.656996,6129.113818,6281.464191,6522.373743,6625.463454,6828.223017,6912.178002,7126.670586,7106.241249,7312.056779,7446.93622,7537.485272,6916.346412
Monaco,MCO,,,,,,,,,,,,,,,,,,,,,,,,,,,,,,,,,,,,,,,,,,,,,,,,,,,,,,,,,,,,,
Moldova,MDA,,,,,,,,,,,,,,,,,,,,,,,,,,,,,,,,,,,,5696.158359,5372.138502,5480.854333,5124.354896,4959.535128,5074.377064,5395.967328,5830.339126,6232.667048,6710.469121,7231.328422,7599.524783,7845.669401,8473.747922,7975.384145,8550.170639,9052.866543,9000.658925,9817.296297,10314.40965,10360.82959,10942.55087,11651.31745,12363.14684,13022.00461,12324.73628
Madagascar,MDG,,,,,,,,,,,,,,,,,,,,,,,,,,,,,,,1853.049388,1686.15692,1656.344225,1641.210653,1591.419765,1569.037219,1553.5749,1560.973844,1571.629112,1594.476261,1614.382282,1658.935602,1409.395419,1501.274317,1533.699088,1559.874721,1596.753218,1639.882778,1700.695921,1587.567035,1553.404722,1534.939706,1538.516397,1531.778467,1540.744824,1546.767046,1565.867553,1584.424475,1592.053558,1618.532314,1510.141726
Maldives,MDV,,,,,,,,,,,,,,,,,,,,,,,,,,,,,,,,,,,,10598.0005,11208.83898,11935.64087,12609.89473,13140.12417,13358.58715,12521.94705,13072.48299,14452.56881,14901.98267,12607.72395,15516.96745,16330.79977,17448.98364,15732.1697,16305.79887,17015.81546,16709.12931,17133.7682,17568.4099,17284.64789,17584.14753,18058.58107,18795.53034,19531.04255,13049.04665
Middle East & North Africa,MEA,,,,,,,,,,,,,,,,,,,,,,,,,,,,,,,10481.29722,10650.92355,10921.15965,10900.54607,10872.0939,10844.14262,11124.95466,11257.17838,11556.26493,11544.63744,12062.14695,11997.97389,11954.12542,12339.66343,13042.17099,13405.18014,13858.58192,14270.7359,14621.61006,14431.84578,14824.56602,15064.01275,15299.15011,15392.32292,15547.04769,15706.25088,16192.50585,16195.81371,16095.74159,15929.75065,15180.0676
Mexico,MEX,,,,,,,,,,,,,,,,,,,,,,,,,,,,,,,14949.03015,15293.15871,15550.56012,15575.11806,16067.14605,14808.80712,15559.97637,16368.09277,16954.32961,17165.89218,17756.56647,17438.20852,17193.56108,17205.98656,17635.24685,17788.58912,18319.47756,18462.84012,18396.81092,17168.97733,17790.01192,18186.22457,18594.89447,18600.37118,18887.56744,19268.9144,19539.26125,19721.26098,19928.39566,19701.33767,17887.75074
Marshall Islands,MHL,,,,,,,,,,,,,,,,,,,,,,,,,,,,,,,3297.104258,3222.413849,3393.696761,3555.221759,3735.2523,4022.810852,3603.414825,3375.828092,3354.616291,3308.437606,3331.03748,3512.942622,3577.778441,3447.742981,3415.879388,3446.854026,3403.470917,3495.801528,3272.76798,3371.647444,3589.726471,3557.457833,3464.284408,3589.490828,3539.834791,3580.621934,3600.01377,3700.636519,3800.920879,4022.980453,
Middle income,MIC,,,,,,,,,,,,,,,,,,,,,,,,,,,,,,,4585.93426,4537.058059,4483.120356,4513.40619,4533.263458,4619.98806,4778.265589,4920.091158,4942.326562,5058.262492,5275.481545,5397.677831,5574.39068,5832.059805,6197.14232,6546.80507,6975.813217,7469.606058,7784.925095,7886.184524,8370.4295,8762.727031,9110.608277,9474.378598,9809.745949,10114.51608,10467.39957,10878.73833,11268.33151,11571.31182,11203.58999
North Macedonia,MKD,,,,,,,,,,,,,,,,,,,,,,,,,,,,,,,11378.16066,10691.64805,10013.05355,9286.796303,9134.158499,9025.296572,9103.878091,9188.10895,9439.710466,9789.259331,10182.12607,9831.061406,9948.266898,10147.11127,10602.71507,11086.15675,11639.54304,12379.3707,13044.76364,12987.17158,13412.31283,13714.57522,13640.22401,14027.13097,14524.1947,15072.94754,15491.74359,15649.92742,16093.31042,16600.14365,15848.41929
Mali,MLI,,,,,,,,,,,,,,,,,,,,,,,,,,,,,,,1414.886475,1547.084128,1460.948094,1468.007276,1483.067953,1457.571996,1520.456928,1553.333841,1628.014338,1675.170423,1627.732318,1823.840688,1824.60115,1930.207369,1899.082029,1958.818731,1983.705551,1985.623428,2012.281262,2041.330218,2082.961935,2085.420849,2007.80693,1995.159252,2075.400681,2139.736297,2198.560381,2246.797421,2283.702413,2321.917173,2216.773262
Malta,MLT,,,,,,,,,,,,,,,,,,,,,,,,,,,,,,,16016.35848,16565.88397,17164.98097,17755.87449,18584.6467,19626.0768,20234.1405,21137.27307,22076.73341,22982.09318,27328.34996,26805.23071,27288.65641,28214.22932,28064.68012,28829.91534,29446.10853,30744.66276,31714.04214,31118.95051,32683.14402,32696.95971,33738.57631,35089.06558,37020.95566,39621.09024,40308.80539,42404.28983,43069.95225,43703.48119,39001.6216
Myanmar,MMR,,,,,,,,,,,,,,,,,,,,,,,,,,,,,,,619.6453094,607.4575127,658.1079041,689.9086193,733.0661208,774.7462657,814.4463403,849.4867521,887.804748,972.8219414,1093.788207,1204.833433,1336.222998,1507.095302,1696.881586,1911.95597,2146.567933,2388.44862,2617.138174,2874.780284,3129.920255,3279.665488,3491.184692,3753.321364,4020.036677,4268.500677,4482.9268,4739.915445,5029.188086,5082.503161,4544.021569
Middle East & North Africa (excluding high income),MNA,,,,,,,,,,,,,,,,,,,,,,,,,,,,,,,6590.683584,6393.393102,6520.964746,6535.493939,6499.766664,6540.651202,6791.162706,6883.619834,7191.039743,7370.387902,7684.257637,7731.394497,7832.06234,7882.059626,8329.738517,8536.842646,8829.606564,9223.994249,9424.097301,9522.286046,9833.67461,9660.563955,9717.29331,9714.417016,9768.188102,9794.78387,10319.68075,10470.98537,10328.70273,10197.37757,9766.183519
Montenegro,MNE,,,,,,,,,,,,,,,,,,,,,,,,,,,,,,,,,,,,,,12579.27318,13236.00573,12024.68962,12418.99354,12505.16539,12692.28897,12955.57958,13505.04601,14048.84044,15233.37622,16248.33593,17391.02697,16348.0915,16764.36237,17287.41764,16802.3983,17381.73999,17674.61841,18263.6006,18797.90562,19682.28335,20686.57591,21533.94924,18278.73079
Mongolia,MNG,,,,,,,,,,,,,,,,,,,,,,,,,,,,,,,4983.778131,4481.206642,4020.046169,3858.773895,3911.273193,4128.912015,4187.388444,4314.847331,4421.248939,4517.566857,4528.955946,4619.946679,4791.737889,5074.412323,5551.460475,5883.360057,6305.823201,6858.33057,7360.684609,7153.437451,7479.780902,8613.313624,9488.342966,10383.78371,10980.324,11022.97853,10940.41865,11311.76113,11915.55675,12316.79137,11470.67383
Northern Mariana Islands,MNP,,,,,,,,,,,,,,,,,,,,,,,,,,,,,,,,,,,,,,,,,,,,,,,,,,,,,,,,,,,,,
Mozambique,MOZ,,,,,,,,,,,,,,,,,,,,,,,,,,,,,,,471.3251025,481.8968555,436.7203711,464.018358,475.2497233,469.189504,506.1518205,548.3477952,587.8637206,640.252516,630.7016136,687.1494257,729.2899769,756.5942823,792.7272742,821.3458142,875.9165979,917.7952405,958.2834241,991.3228347,1027.208877,1073.478134,1120.128481,1165.408205,1217.088867,1262.613128,1273.783633,1283.65987,1289.735948,1281.506041,1229.080019
Mauritania,MRT,,,,,,,,,,,,,,,,,,,,,,,,,,,,,,,4640.932334,4602.720639,4569.207654,4714.601337,4454.838908,4769.418474,4920.880763,4604.133989,4613.263511,4660.670604,4361.213513,4210.778356,4152.63783,4317.486206,4395.523479,4638.00598,5333.611536,5080.645869,4919.840422,4783.637135,4767.377366,4822.16904,4891.057383,4946.0348,5008.688256,5127.432282,5045.896724,5077.185987,5042.431198,5197.072251,4983.220633
Mauritius,MUS,,,,,,,,,,,,,,,,,,,,,,,,,,,,,,,7989.529896,8254.316211,8676.973886,9010.484481,9252.715908,9566.824921,9998.617114,10435.79837,10953.67688,11097.6902,11890.58865,12191.92742,12303.10685,12938.15268,13413.99326,13571.8356,14165.95449,14909.17086,15655.60432,16131.70698,16797.81724,17454.78008,18014.99115,18579.37416,19240.22471,19897.4754,20646.933,21415.11611,22208.13812,22870.28625,19469.52459
Malawi,MWI,,,,,,,,,,,,,,,,,,,,,,,,,,,,,,,671.4325418,715.1560231,656.8561517,718.7099876,642.7721362,742.7760608,782.9370608,793.4614587,801.9135263,803.3210574,794.4328532,736.2057438,730.7177936,753.9676233,775.3461947,780.1361119,794.9091781,847.1825387,886.2581342,932.8672386,968.7798115,987.1200267,977.3913963,999.4401865,1027.207866,1027.229483,1024.603216,1037.549802,1055.169602,1086.461961,1066.460563
Malaysia,MYS,,,,,,,,,,,,,,,,,,,,,,,,,,,,,,,10306.08209,10991.0681,11663.62708,12500.50417,13315.42234,14260.09617,15290.91444,15995.71949,14448.7411,14965.6177,15917.05717,15652.01445,16155.60162,16751.40714,17538.4857,18114.14411,18752.54579,19546.98592,20103.50414,19442.98535,20536.37251,21289.25754,22132.21692,22855.94969,23906.22858,24787.82375,25541.77051,26661.50742,27558.13695,28364.47632,26435.17157
North America,NAC,,,,,,,,,,,,,,,,,,,,,,,,,,,,,,,39346.85066,38785.79289,39606.66129,40172.29624,41286.32989,41899.47868,42982.14252,44337.90097,45747.07101,47363.40747,48809.53796,48822.40468,49266.73808,50276.05785,51709.04019,53091.53336,54135.02429,54838.91626,54292.04712,52421.14728,53327.97525,53819.08233,54585.26154,55208.841,56189.59741,57377.76655,57880.97198,58857.85364,60221.08346,61167.95353,58692.41491
Namibia,NAM,,,,,,,,,,,,,,,,,,,,,,,,,,,,,,,5875.234808,6167.743142,6434.429933,6177.450297,6139.315594,6237.467957,6299.110296,6430.970981,6513.737332,6610.186669,6723.912939,6694.620482,6909.674995,7096.863333,7848.068965,7919.624067,8337.832035,8631.789694,8700.657493,8568.502029,8923.721781,9213.600019,9512.01748,9871.891354,10289.43267,10535.98003,10346.70816,10050.41762,9972.196698,9728.089915,8788.008292
New Caledonia,NCL,,,,,,,,,,,,,,,,,,,,,,,,,,,,,,,,,,,,,,,,,,,,,,,,,,,,,,,,,,,,,
Niger,NER,,,,,,,,,,,,,,,,,,,,,,,,,,,,,,,1124.922326,1084.556986,1070.352817,1038.222953,1021.952575,1011.541134,977.9036945,958.5441999,1017.398913,979.4806176,933.3463759,965.4172116,976.4544502,961.5236746,929.8840614,961.5398882,981.1581839,974.6821782,1011.103098,992.4101027,1036.904305,1020.996816,1085.542828,1099.432246,1127.614075,1132.331205,1151.657874,1163.687784,1200.972464,1224.510262,1196.87756
Nigeria,NGA,,,,,,,,,,,,,,,,,,,,,,,,,,,,,,,3259.6429,3189.089071,3253.694421,3108.674718,2977.090165,2901.768227,2949.200357,2961.198469,2962.892112,2906.723968,2977.041475,3075.003131,3458.070666,3619.140208,3854.008064,3997.439751,4130.403306,4288.270307,4458.622295,4690.379449,4932.3348,5056.892147,5131.372645,5329.121517,5516.385598,5514.770273,5284.893228,5190.356127,5155.075994,5135.499469,4916.721381
Nicaragua,NIC,,,,,,,,,,,,,,,,,,,,,,,,,,,,,,,3454.267648,3371.678584,3309.524337,3224.139091,3261.219009,3384.841404,3531.727044,3606.342307,3676.993351,3872.306566,3968.892933,4026.001837,3998.877512,4043.289037,4200.283123,4320.750321,4438.896054,4600.536063,4693.628097,4477.4095,4611.785692,4837.537091,5083.363011,5263.484839,5443.278082,5630.405738,5811.883058,6004.02858,5729.688224,5451.707835,5280.140581
Netherlands,NLD,,,,,,,,,,,,,,,,,,,,,,,,,,,,,,,36461.41902,37057.58313,37405.92997,37613.25219,38494.21785,39498.13682,40691.89032,42235.48907,43933.56811,45839.13146,47422.2034,48160.78437,47958.33197,47806.88443,48586.70462,49467.43543,51097.36261,52909.96976,53848.25223,51607.60573,52032.9865,52594.22901,51860.05599,51640.07669,52186.99739,52974.11622,53847.82655,55088.6338,56060.91363,56784.03725,54325.50883
Norway,NOR,,,,,,,,,,,,,,,,,,,,,,,,,,,,,,,42136.61626,43229.92976,44517.44955,45512.40436,47541.78149,49260.98483,51476.21521,53903.45457,54989.71982,55713.7732,57127.39975,58018.32946,58540.86364,58728.17524,60699.58545,61870.38379,62846.95821,64062.43691,63570.36124,61689.57772,61353.49639,61157.14893,61990.71162,61878.99441,62390.1497,62987.53586,63104.10039,64050.75617,64341.2589,64452.81262,63583.73598
Nepal,NPL,,,,,,,,,,,,,,,,,,,,,,,,,,,,,,,1405.106751,1456.07473,1475.358242,1490.907091,1571.155473,1585.327461,1630.924207,1675.756934,1690.883864,1731.544934,1805.78605,1860.903019,1834.616924,1879.981887,1941.809987,1983.989963,2025.396176,2069.414802,2172.360759,2252.509947,2349.666264,2427.55041,2540.187469,2636.802927,2796.437266,2895.887954,2881.931744,3098.682692,3279.915682,3435.531698,3302.817532
Nauru,NRU,,,,,,,,,,,,,,,,,,,,,,,,,,,,,,,,,,,,,,,,,,,,,5575.512171,5608.349266,5960.960449,4589.581483,5590.184572,6058.524456,6688.649739,7313.672138,8090.933471,10493.21242,13175.92165,13551.9626,13901.95361,12975.39238,13636.36094,13527.41194,
New Zealand,NZL,,,,,,,,,,,,,,,,,,,,,,,,,,,,,,,28086.82413,26466.67346,26479.0419,27852.03502,28891.04395,29815.78619,30409.09066,30627.80462,30599.32319,32098.14628,32837.09789,33775.23266,34745.16533,35616.11471,36504.19746,37293.21377,37902.75176,38687.84615,37933.15147,37505.04828,37657.1432,38214.47454,38857.11589,39599.1883,40432.24148,41086.1153,41672.10124,42285.3199,42866.12723,42877.94291,42404.3669
OECD members,OED,,,,,,,,,,,,,,,,,,,,,,,,,,,,,,,29268.21083,29410.0559,29780.78521,29910.41905,30581.10939,31137.70076,31899.81308,32812.05782,33522.68913,34347.42441,35504.59733,35727.08374,36043.15992,36545.21631,37497.74248,38329.55882,39292.29666,40096.66046,39935.6278,38300.57156,39206.85771,39823.90805,40105.43015,40484.99169,41103.24304,41918.97194,42423.98187,43265.25227,44026.61707,44546.00882,42266.41358
Oman,OMN,,,,,,,,,,,,,,,,,,,,,,,,,,,,,,,26563.19666,26962.52094,27911.82848,28329.60003,28382.34709,29045.48485,29496.82678,31094.30581,31886.15878,31948.74374,33845.47456,34946.87679,33971.50389,32354.02662,31976.63236,31915.11718,32723.92652,33198.11472,34695.67842,35213.41776,33870.94224,32529.07369,32967.38997,32194.98896,30535.87111,30152.26037,30190.18114,29082.47972,28355.93184,27299.37542,
Other small states,OSS,,,,,,,,,,,,,,,,,,,,,,,,,,,,,,,,,,,,,,,,,13769.59335,14133.45952,14537.67268,14964.18064,15974.93136,16526.91562,17752.33501,18958.61525,19779.19567,19570.138,20598.26689,21576.49699,21905.65619,22243.51996,22601.30933,22769.35173,22895.989,22714.24149,22722.08841,22744.37432,21122.32358
Pakistan,PAK,,,,,,,,,,,,,,,,,,,,,,,,,,,,,,,2915.900175,2976.912543,3118.139237,3086.893478,3115.102968,3179.50713,3240.088797,3180.351108,3169.890225,3196.279545,3245.378342,3277.051278,3279.030977,3388.17669,3560.811841,3706.824023,3836.49275,3931.175785,3908.599006,3930.508174,3906.873971,3928.519927,3980.74865,4069.267498,4171.29183,4278.346663,4421.581929,4571.205078,4739.472713,4690.484777,4622.770769
Panama,PAN,,,,,,,,,,,,,,,,,,,,,,,,,,,,,,,10728.81346,11496.63297,12184.40868,12587.07764,12682.80843,12643.3069,12892.64839,13448.54156,14146.33291,14409.16069,14511.59769,14314.77303,14357.13157,14681.84255,15495.06137,16305.78768,17395.64677,19130.64049,20642.33529,20530.99878,21348.89793,23355.27538,25202.84185,26487.54864,27359.68702,28438.53269,29340.101,30454.81572,31021.07299,31440.34995,25388.49967
Peru,PER,,,,,,,,,,,,,,,,,,,,,,,,,,,,,,,5249.200384,5258.26019,5128.634375,5295.798233,5837.089956,6154.167419,6210.222642,6492.549137,6354.433331,6345.500534,6422.480568,6380.337664,6653.395098,6861.830619,7136.351561,7519.029069,8017.255022,8629.264533,9341.231027,9368.045463,10066.46757,10616.8437,11176.08672,11724.0036,11877.07893,12110.2669,12403.68714,12506.52938,12781.41644,12853.69207,11260.84575
Philippines,PHL,,,,,,,,,,,,,,,,,,,,,,,,,,,,,,,4231.791736,4103.90875,4018.629808,4006.696254,4085.14541,4178.032297,4322.085078,4444.786492,4322.029141,4358.689409,4453.756672,4492.721424,4562.761382,4697.48565,4908.058738,5054.238933,5228.315741,5474.681327,5618.484953,5606.590677,5918.373229,6043.601676,6351.264942,6666.250512,6973.638909,7300.13621,7705.05377,8120.868793,8516.136549,8914.723798,7953.581644
Palau,PLW,,,,,,,,,,,,,,,,,,,,,,,,,,,,,,,,,,,,,,,,,13586.80504,14248.50218,14569.16529,13972.78615,14615.159,15253.03531,15376.92132,16003.77588,15441.95194,14753.90812,15062.49579,16255.7398,16633.53804,16099.32088,17091.22717,18338.12827,18268.03166,17826.39361,18444.30776,17572.6226,
Papua New Guinea,PNG,,,,,,,,,,,,,,,,,,,,,,,,,,,,,,,2434.700122,2605.222798,2898.147236,3347.571839,3464.848459,3271.671293,3440.330056,3225.656972,3028.928895,3012.594403,2871.416376,2806.953519,2745.514415,2748.701105,2765.346691,2877.115645,2963.418223,3119.175568,3035.170681,3165.093266,3406.644039,3369.844454,3453.387111,3513.023252,3909.338659,4083.752436,4222.524992,4285.628756,4190.094894,4349.808047,4101.218881
Poland,POL,,,,,,,,,,,,,,,,,,,,,,,,,,,,,,,11314.96237,10483.90203,10714.65962,11086.96005,11649.16378,12459.66635,13211.56797,14054.38753,14701.34311,15386.94263,16257.64588,16466.786,16809.8182,17409.63901,18287.82793,18937.47515,20111.29962,21543.1637,22444.90735,23064.9537,23996.13978,25124.27636,25457.20646,25759.33915,26649.57728,27797.05842,28682.69393,30064.50348,31674.13162,33120.51784,32238.15726
Pre-demographic dividend,PRE,,,,,,,,,,,,,,,,,,,,,,,,,,,,,,,2531.231161,2257.678681,2242.145652,2165.442822,2105.73676,2113.935225,2172.591538,2228.922466,2321.917107,2360.146731,2416.665551,2457.627448,2516.685944,2433.309379,2639.234525,2723.800109,2817.567653,2918.657206,3023.910086,3091.792232,3195.873654,3250.568979,3356.400394,3456.626917,3532.402105,3552.146596,3551.115185,3525.277687,3514.385552,3528.546739,3361.595804
Puerto Rico,PRI,,,,,,,,,,,,,,,,,,,,,,,,,,,,,,,21595.97856,21937.8921,22791.56492,23650.10864,24412.27581,25288.10622,25584.55937,26584.89999,27894.44209,29251.03732,30124.69312,31958.09675,32209.42298,32206.46489,35016.93833,34370.71461,34030.09052,33831.93417,33403.42449,32930.36156,32960.69111,33224.56552,33638.86568,33922.15842,34070.25359,34311.02963,34539.58684,34363.74599,34299.35854,34804.93471,33442.83157
"Korea, Dem. People's Rep.",PRK,,,,,,,,,,,,,,,,,,,,,,,,,,,,,,,,,,,,,,,,,,,,,,,,,,,,,,,,,,,,,
Portugal,PRT,,,,,,,,,,,,,,,,,,,,,,,,,,,,,,,23556.85621,24642.59962,24930.45063,24391.19985,24560.35706,25523.70602,26318.97513,27354.83681,28525.51743,29472.70988,30383.13782,30756.01895,30823.84904,30422.60203,30892.81988,31076.64412,31524.74957,32251.5691,32307.91277,31269.41046,31798.15381,31304.81553,30156.70158,30042.89072,30444.60021,31118.79067,31847.53773,33044.71674,34040.72556,34879.70597,32177.96507
Paraguay,PRY,,,,,,,,,,,,,,,,,,,,,,,,,,,,,,,8478.294934,8549.918988,8478.477159,8681.19881,8926.188691,9314.149814,9246.264997,9425.527409,9229.291289,8913.854531,8532.78274,8297.571218,8140.561252,8339.988733,8530.612025,8572.681255,8849.372015,9196.614972,9660.596526,9506.135101,10418.80029,10717.92504,10496.98021,11212.51489,11647.24204,11831.71032,12174.45801,12594.34876,12831.57992,12619.33651,12339.19568
West Bank and Gaza,PSE,,,,,,,,,,,,,,,,,,,,,,,,,,,,,,,,,,,3951.205493,4047.128488,3916.925775,4294.746098,4786.480236,5052.064072,4503.248849,3980.933349,3395.855028,3774.132393,4485.525458,4866.028474,4695.994727,4750.929692,4965.37295,5250.116075,5411.066482,5782.689593,5985.683247,6118.257181,5967.073437,6048.976597,6438.93364,6401.740891,6318.210068,6245.448697,5394.071688
Pacific island small states,PSS,,,,,,,,,,,,,,,,,,,,,,,,,,,,,,,5419.857068,5287.666782,5490.890705,5540.463033,5707.64585,5833.598951,5965.044565,5796.931813,5813.44986,6099.450092,5941.039374,5962.549224,6044.938472,6083.662295,6285.591876,6317.239089,6373.351343,6317.186383,6324.965364,6167.091115,6272.167946,6412.768831,6395.041585,6556.424314,6753.079388,6931.500316,7068.549042,7290.6525,7410.564957,7326.364774,6120.850637
Post-demographic dividend,PST,,,,,,,,,,,,,,,,,,,,,,,,,,,,,,,31871.50245,32016.0972,32331.94814,32355.88133,33018.7222,33682.14567,34446.62114,35385.43653,36153.50417,37204.59531,38513.67365,38967.46614,39404.95825,40048.60274,41148.67938,42100.13314,43178.8387,44118.12837,43991.93201,42209.65559,43223.585,43840.10899,44118.46312,44507.27964,45138.10786,45896.56625,46493.05725,47436.22191,48332.2747,49009.93696,46455.0315
French Polynesia,PYF,,,,,,,,,,,,,,,,,,,,,,,,,,,,,,,,,,,,,,,,,,,,,,,,,,,,,,,,,,,,,
Qatar,QAT,,,,,,,,,,,,,,,,,,,,,,,,,,,,,,,,,,,,,,,,,86566.30285,86643.64357,89119.38417,86886.94858,93748.55013,87721.94941,93656.33907,92749.55666,92555.30034,89954.84611,95908.31282,99147.28818,96261.48733,95499.90761,95578.26151,95965.25124,95601.80731,91738.75279,90970.0609,90043.799,85266.21059
Romania,ROU,,,,,,,,,,,,,,,,,,,,,,,,,,,,,,,13302.47218,11685.0989,10757.39091,10936.72938,11383.29221,12117.36196,12627.2027,12049.54221,11829.41829,11803.37576,12109.5524,12920.48961,13909.66542,14338.35628,15924.05133,16770.6545,18224.78359,19833.96787,22044.30668,21002.27614,20303.1628,20792.1734,21311.13363,22197.03833,23084.37478,23878.18854,25145.01335,27141.91933,28523.47318,29857.64647,28832.62315
Russian Federation,RUS,,,,,,,,,,,,,,,,,,,,,,,,,,,,,,,21482.74819,20340.13191,17367.64121,15870.60588,13880.46518,13308.20491,12827.11625,13028.20833,12358.15241,13189.79376,14569.93658,15378.08974,16175.0972,17434.80814,18765.51856,20042.8135,21757.46517,23647.26651,24887.85272,22939.69405,23961.22029,24972.07849,25933.29266,26332.39665,26057.15531,25488.09612,25490.70826,25926.44385,26656.40954,27210.546,26456.38794
Rwanda,RWA,,,,,,,,,,,,,,,,,,,,,,,,,,,,,,,936.6343101,939.5014674,1051.322073,1033.701525,542.6598412,746.3497122,816.7606261,870.9596778,874.1888814,846.7526539,867.6151907,907.2139028,1003.021143,1009.526029,1069.297799,1148.446372,1226.239081,1287.048412,1393.029902,1441.000286,1507.16501,1586.961242,1682.206491,1718.935761,1780.144976,1889.158106,1950.526265,1975.248661,2088.749224,2227.517033,2098.710362
South Asia,SAS,,,,,,,,,,,,,,,,,,,,,,,,,,,,,,,1911.679824,1907.453402,1973.933542,2015.907179,2092.206412,2190.554735,2292.435333,2331.407011,2412.835673,2548.500666,2603.301759,2670.083813,2716.947437,2864.188844,3027.698916,3202.843709,3392.321415,3582.129827,3642.246351,3840.866719,4072.078795,4220.856577,4393.334373,4598.400389,4854.608337,5149.138405,5477.609682,5769.022322,6067.45165,6237.444175,5776.135737
Saudi Arabia,SAU,,,,,,,,,,,,,,,,,,,,,,,,,,,,,,,41392.53306,46075.13009,46498.55805,44623.51103,43761.31812,42855.78584,43073.13082,42710.91058,43111.0823,40643.83712,41955.20779,40393.97196,38170.22343,41229.81259,43210.24996,44309.5346,44276.89297,43865.92031,45340.1182,43169.54229,44036.76735,46989.14767,48024.45967,47848.37647,48209.13733,48921.21525,48625.84382,47306.22232,47592.76715,46962.14769,44328.18391
Sudan,SDN,,,,,,,,,,,,,,,,,,,,,,,,,,,,,,,1602.893604,1679.311428,1744.033885,1776.869847,1748.300773,1804.74693,1861.146769,2002.985,2033.097555,2039.363767,2109.560575,2185.040501,2261.473489,2369.23617,2393.418435,2501.960461,2678.340892,2905.681129,3048.296149,3064.398943,3089.572476,3379.688818,3785.726439,3947.200643,4124.509614,4187.862722,4234.757536,4327.782553,4344.529887,4185.600635,4022.865967
Senegal,SEN,,,,,,,,,,,,,,,,,,,,,,,,,,,,,,,2472.784404,2463.537947,2422.778635,2385.089464,2317.935828,2380.247333,2367.648145,2381.506898,2463.460876,2557.792835,2595.109288,2642.686144,2580.8321,2658.561798,2712.877539,2758.353446,2750.19548,2754.192237,2780.615307,2780.613027,2797.11016,2757.079405,2788.671459,2777.111769,2868.315877,2966.455347,3067.665577,3203.906368,3309.486173,3361.461548,3300.085493
Singapore,SGP,,,,,,,,,,,,,,,,,,,,,,,,,,,,,,,37251.6674,38628.29692,39973.95448,43443.03444,46773.83649,48641.66122,50193.80413,52574.75313,49703.01299,52129.75447,55865.79199,53797.71398,55395.80633,58768.6434,63736.54023,66837.30626,70611.45584,73840.92355,71322.22633,69287.02129,77957.81212,81188.21369,82755.09813,85364.6402,87581.69123,89135.30969,90915.40036,94940.97079,97801.04611,97988.97164,92995.97237
Solomon Islands,SLB,,,,,,,,,,,,,,,,,,,,,,,,,,,,,,,2317.999402,2388.81631,2617.056324,2645.583346,2779.921003,2975.278358,2939.337979,2832.054982,2790.237907,2701.373969,2253.610862,2018.940939,1910.717968,1982.681387,2061.38887,2122.963527,2174.52641,2220.379216,2296.892336,2301.587754,2439.862325,2551.263758,2530.758932,2594.461708,2551.401066,2518.647478,2596.545938,2663.939508,2697.646431,2660.979697,2482.87192
Sierra Leone,SLE,,,,,,,,,,,,,,,,,,,,,,,,,,,,,,,1460.778937,1485.199627,1203.078913,1224.901717,1206.394642,1111.388691,1128.597284,1056.722487,1064.246464,1024.2721,1063.297198,960.3215051,1162.256817,1213.020006,1237.629333,1244.901414,1256.616445,1321.512851,1360.161098,1372.392067,1413.563736,1469.033451,1654.412185,1953.088364,1997.509291,1551.823091,1610.550969,1642.60747,1663.29348,1719.789744,1648.05336
El Salvador,SLV,,,,,,,,,,,,,,,,,,,,,,,,,,,,,,,5264.676231,5271.21773,5563.939864,5808.202703,6002.494904,6212.227536,6195.504554,6327.075635,6437.340687,6523.458846,6548.63137,6562.536213,6626.992996,6694.662204,6720.966498,6870.629839,7136.855282,7238.192144,7392.846522,7208.163309,7328.71991,7575.63974,7754.687992,7892.436955,7990.459574,8143.224442,8309.441799,8454.055551,8614.017959,8796.062064,8056.543086
San Marino,SMR,,,,,,,,,,,,,,,,,,,,,,,,,,,,,,,,,,,,,,63990.01341,68029.67605,73393.25415,74121.58852,77249.23541,76507.47394,78396.54332,80883.7019,81766.00414,83839.84848,88683.31526,87177.90064,77188.62853,72038.11362,65142.76453,59708.72737,58419.91361,57328.07663,58061.8568,59009.79868,58867.01336,59576.42939,60847.10676,
Somalia,SOM,,,,,,,,,,,,,,,,,,,,,,,,,,,,,,,,,,,,,,,,,,,,,,,,,,,,,,,,,,,,,
Serbia,SRB,,,,,,,,,,,,,,,,,,,,,,,,,,,,,,,,,,,,7752.188074,8245.97008,8865.067803,9196.049821,8359.604394,8900.593928,9529.216827,10146.56493,10614.32825,11599.64443,12277.97654,12955.95319,13846.28238,14691.78028,14347.85625,14510.9633,14923.8016,14894.19593,15399.78291,15226.32017,15578.20285,16182.82169,16611.01686,17452.7959,18292.17503,18210.00462
Sub-Saharan Africa (excluding high income),SSA,,,,,,,,,,,,,,,,,,,,,,,,,,,,,,,2826.082675,2759.718683,2675.063691,2580.751491,2538.370643,2557.921988,2620.615545,2641.752085,2638.300398,2629.151293,2645.545487,2689.467098,2780.817618,2822.539317,2928.951733,3029.383233,3133.552195,3249.589101,3336.244713,3358.774807,3459.944837,3531.155766,3603.722348,3694.199906,3780.332803,3796.534114,3756.049446,3766.618011,3778.560247,3783.408048,3620.328254
South Sudan,SSD,,,,,,,,,,,,,,,,,,,,,,,,,,,,,,,,,,,,,,,,,,,,,,,,,,,,,,,,,,,,,
Sub-Saharan Africa,SSF,,,,,,,,,,,,,,,,,,,,,,,,,,,,,,,2827.683741,2761.334043,2676.785522,2582.55945,2540.110198,2559.590711,2622.323565,2643.649446,2640.326786,2631.162936,2647.534345,2691.346586,2782.652927,2824.199433,2930.500694,3031.044181,3135.334212,3251.525823,3338.063218,3360.516268,3461.740493,3533.071234,3605.602756,3696.145543,3782.313467,3798.565545,3758.133098,3768.756379,3780.670098,3785.496611,3622.11903
Small states,SST,,,,,,,,,,,,,,,,,,,,,,,,,,,,,,,,,,,,,,12231.59498,12420.93671,12621.89455,13012.33849,13317.60502,13698.29955,14161.79382,15007.21287,15498.93689,16590.84731,17566.54612,18207.33808,17930.67522,18736.64141,19507.58327,19787.07605,20077.37945,20368.36657,20526.1747,20593.17617,20475.94749,20544.93553,20576.57597,19084.99186
Sao Tome and Principe,STP,,,,,,,,,,,,,,,,,,,,,,,,,,,,,,,,,,,,,,,,,,2589.163869,2602.347076,2718.922669,2761.94934,2887.70061,3069.00054,3080.798756,3239.020225,3227.913351,3357.470208,3426.324629,3461.327476,3558.436609,3720.786801,3794.358612,3878.829887,3952.945412,3993.278814,4005.341641,4051.604863
Suriname,SUR,,,,,,,,,,,,,,,,,,,,,,,,,,,,,,,12437.16362,12530.50233,12351.8656,11325.85979,11520.61895,11344.57042,11295.53065,11782.74809,11905.04487,11598.58725,11702.24745,12049.69125,12241.84734,12860.80052,13791.66976,14245.48022,14896.88339,15477.94577,15934.0725,16226.29139,16871.07297,17656.01275,17927.68475,18249.6576,18098.43491,17297.93279,16280.26892,16372.57962,17019.08184,17046.92277,14444.1592
Slovak Republic,SVK,,,,,,,,,,,,,,,,,,,,,,,,,,,,,,,,,11696.97172,11873.95753,12561.20386,13256.36808,14104.03952,14912.26419,15499.30058,15467.0919,15668.7173,16208.17915,16945.23682,17888.84014,18837.00569,20082.6978,21787.35538,24140.3232,25464.27246,24043.0002,25430.91588,26121.28795,26571.48259,26719.86276,27399.08945,28691.04894,29265.19721,30093.35141,31148.62259,31887.76539,30345.67878
Slovenia,SVN,,,,,,,,,,,,,,,,,,,,,,,,,,,,,,,,,,,,21479.22428,22181.07193,23332.52075,24150.29803,25419.9887,26275.5944,27078.08351,27992.62359,28803.90505,30040.27097,31127.23039,32811.05251,34905.57522,36073.61335,33050.52926,33348.89998,33566.34256,32611.81479,32232.36952,33092.05002,33797.98884,34851.25131,36505.67722,37982.18123,38944.68423,37089.09508
Sweden,SWE,,,,,,,,,,,,,,,,,,,,,,,,,,,,,,,34156.8203,33536.01491,32953.61829,32086.01264,33110.82558,34233.70278,34719.11075,35764.68476,37286.09539,38839.42627,40625.36205,41103.72646,41870.25916,42678.28414,44354.39106,45440.29675,47292.31369,48557.38435,47963.49375,45492.76817,47791.37152,48947.43931,48300.8425,48462.16,49258.99616,50928.96298,51334.43203,51947.95425,52349.29243,52850.56918,51003.28077
Eswatini,SWZ,,,,,,,,,,,,,,,,,,,,,,,,,,,,,,,5097.823609,5047.366514,5079.63062,5115.216144,5123.078589,5258.970184,5353.189064,5416.683981,5464.120952,5545.102739,5579.136559,5592.506037,5806.266934,6009.495427,6206.091798,6551.010153,6906.564442,7167.543132,7176.213469,7236.734699,7459.227976,7575.715587,7930.468678,8179.485766,8192.527953,8304.658458,8321.031914,8408.043122,8520.592386,8621.804067,8392.717564
Sint Maarten (Dutch part),SXM,,,,,,,,,,,,,,,,,,,,,,,,,,,,,,,,,,,,,,,,,,,,,,,,,,41969.40374,43543.88976,46392.86875,45401.70236,43523.53579,42946.68454,41852.40413,40857.76948,37914.12297,35342.10661,,
Seychelles,SYC,,,,,,,,,,,,,,,,,,,,,,,,,,,,,,,14584.81916,14789.11914,15775.67323,16407.75153,15848.53641,15488.29749,16013.26099,17719.5408,18836.57432,18815.96028,18931.15063,18485.01664,18145.85197,17271.91556,16841.84349,18273.71966,19580.90178,21511.41316,20584.08235,20276.8284,20892.69175,23140.9268,23203.948,24150.21072,24848.61022,25500.48656,26309.6859,27242.65603,27342.16165,27521.16677,24361.89394
Syrian Arab Republic,SYR,,,,,,,,,,,,,,,,,,,,,,,,,,,,,,,,,,,,,,,,,,,,,,,,,,,,,,,,,,,,,
Turks and Caicos Islands,TCA,,,,,,,,,,,,,,,,,,,,,,,,,,,,,,,,,,,,,,,,,,,,,,,,,,,,23761.20658,23049.44728,22849.57591,24392.02057,26693.10354,28175.2522,27060.58966,28160.88929,29251.07773,21122.00571
Chad,TCD,,,,,,,,,,,,,,,,,,,,,,,,,,,,,,,1003.785541,1055.16205,1103.79737,901.025651,960.5858162,940.6824244,929.5803706,949.080824,980.2344499,939.2729204,897.3470374,964.7374808,1007.06275,1111.604592,1430.368325,1618.136616,1572.482178,1569.748832,1564.79169,1577.669488,1732.691584,1676.769458,1765.194984,1804.322522,1866.266079,1857.107864,1687.053569,1587.032328,1576.321115,1579.626101,1519.912362
East Asia & Pacific (IDA & IBRD countries),TEA,,,,,,,,,,,,,,,,,,,,,,,,,,,,,,,2196.651617,2328.587782,2528.539452,2751.984294,2991.669984,3234.914291,3474.214464,3658.483371,3640.119871,3809.687898,4046.52514,4265.637522,4548.929665,4891.832264,5271.9574,5716.870518,6256.220471,6931.336529,7439.063907,7924.060223,8617.294681,9254.109102,9869.332385,10487.81816,11110.13835,11747.55396,12405.9236,13123.0909,13870.39705,14566.75985,14592.37404
Europe & Central Asia (IDA & IBRD countries),TEC,,,,,,,,,,,,,,,,,,,,,,,,,,,,,,,14913.27264,13986.52943,12543.35124,11793.55837,10617.8916,10483.86569,10504.10531,10759.18472,10652.52275,10919.79286,11740.96201,12117.43388,12735.74186,13545.01831,14624.42699,15565.53786,16772.27778,18033.85635,18793.06078,17737.23908,18474.02194,19407.90243,19952.59675,20512.92886,20805.60382,20873.10207,21148.74066,21894.04137,22552.26558,23050.21438,22524.25524
Togo,TGO,,,,,,,,,,,,,,,,,,,,,,,,,,,,,,,1346.904609,1306.770477,1228.389506,1021.431898,1148.367283,1207.498539,1277.17203,1416.138804,1339.812564,1330.553019,1281.538209,1256.827833,1271.158144,1322.585327,1276.793596,1186.007269,1185.488229,1140.3944,1154.911825,1186.223507,1225.092851,1269.038818,1316.575311,1360.707308,1404.263003,1447.362315,1489.821833,1516.525849,1553.525169,1599.17056,1588.60238
Thailand,THA,,,,,,,,,,,,,,,,,,,,,,,,,,,,,,,7101.087385,7617.996763,8151.387909,8744.358928,9357.431661,10016.567,10466.02661,10058.00448,9178.767163,9488.5237,9808.284118,10052.44383,10582.318,11258.62197,11884.70306,12302.72348,12836.12654,13458.22431,13618.67422,13456.69066,14397.08016,14448.50747,15422.44002,15765.20979,15851.969,16283.16488,16779.80922,17420.57547,18093.26791,18450.95236,17284.50829
Tajikistan,TJK,,,,,,,,,,,,,,,,,,,,,,,,,,,,,,,3887.266677,3533.15281,2462.104085,2024.895034,1569.502094,1354.207371,1111.369583,1113.482912,1155.327422,1180.005502,1258.356243,1356.617867,1477.791205,1611.589001,1745.341243,1827.463581,1917.741478,2026.323138,2141.747085,2178.493641,2269.965236,2384.065697,2505.158135,2628.801287,2739.319457,2834.576086,2956.867765,3089.529513,3243.761943,3401.50793,3473.844217
Turkmenistan,TKM,,,,,,,,,,,,,,,,,,,,,,,,,,,,,,,7207.933949,6685.071968,5523.289333,5451.062297,4393.759504,3987.545637,4175.819837,3642.188939,3849.210841,4431.460059,4622.078757,4772.176619,4736.780784,4843.567087,5034.24789,5629.069839,6174.738028,6773.095694,7665.452198,8015.809617,8616.889533,9717.641886,10604.00041,11471.18408,12421.36977,12993.53181,13562.52848,14205.02651,14845.34465,15538.41997,
Latin America & the Caribbean (IDA & IBRD countries),TLA,,,,,,,,,,,,,,,,,,,,,,,,,,,,,,,10528.25954,10702.56221,10813.82686,11082.69338,11465.00581,11345.01361,11617.78254,12042.93443,12173.68384,12039.21249,12285.64334,12145.72769,12044.72248,12191.06054,12687.35054,13036.12151,13542.78071,14095.0088,14456.98777,13990.70626,14747.24702,15258.71764,15492.90045,15784.32772,15864.91096,15815.1473,15668.31108,15826.7735,15957.52611,15944.29409,14733.3376
Timor-Leste,TLS,,,,,,,,,,,,,,,,,,,,,,,,,,,,,,,,,,,,,,,,,2328.304667,2658.285844,2422.411912,2308.475006,2258.617351,2272.445056,2133.45476,2306.411014,2521.540492,2724.748145,2930.054491,3045.45796,3172.279311,3182.525041,3264.56251,3297.889163,3344.570884,3145.483121,3051.668117,3552.596998,3181.137188
Middle East & North Africa (IDA & IBRD countries),TMN,,,,,,,,,,,,,,,,,,,,,,,,,,,,,,,6611.677693,6414.860523,6544.073661,6559.963388,6525.499554,6566.320763,6821.465546,6911.418163,7216.900081,7395.411776,7718.829657,7772.459234,7881.011784,7927.742853,8372.821751,8578.300535,8876.661898,9275.313482,9475.738739,9572.186342,9885.737006,9706.509455,9761.773255,9757.515202,9813.995041,9840.149172,10366.9111,10520.66241,10378.06361,10246.40272,9820.881526
Tonga,TON,,,,,,,,,,,,,,,,,,,,,,,,,,,,,,,3765.390121,3999.617625,4003.180847,4145.955353,4342.967427,4652.093036,4721.574789,4761.830329,4858.046313,5015.63144,5034.415166,5195.572611,5417.693137,5511.123926,5344.832174,5312.374152,5262.444451,5232.31671,5438.077854,5129.89131,5166.932054,5541.77196,5632.091619,5703.419897,5861.464133,5944.452686,6312.326302,6467.124278,6411.289368,6378.128346,
South Asia (IDA & IBRD),TSA,,,,,,,,,,,,,,,,,,,,,,,,,,,,,,,1911.679824,1907.453402,1973.933542,2015.907179,2092.206412,2190.554735,2292.435333,2331.407011,2412.835673,2548.500666,2603.301759,2670.083813,2716.947437,2864.188844,3027.698916,3202.843709,3392.321415,3582.129827,3642.246351,3840.866719,4072.078795,4220.856577,4393.334373,4598.400389,4854.608337,5149.138405,5477.609682,5769.022322,6067.45165,6237.444175,5776.135737
Sub-Saharan Africa (IDA & IBRD countries),TSS,,,,,,,,,,,,,,,,,,,,,,,,,,,,,,,2827.683741,2761.334043,2676.785522,2582.55945,2540.110198,2559.590711,2622.323565,2643.649446,2640.326786,2631.162936,2647.534345,2691.346586,2782.652927,2824.199433,2930.500694,3031.044181,3135.334212,3251.525823,3338.063218,3360.516268,3461.740493,3533.071234,3605.602756,3696.145543,3782.313467,3798.565545,3758.133098,3768.756379,3780.670098,3785.496611,3622.11903
Trinidad and Tobago,TTO,,,,,,,,,,,,,,,,,,,,,,,,,,,,,,,10121.09825,10368.2921,11344.82501,11206.2096,11550.95014,11946.35416,12764.60006,13699.90388,14791.11229,15949.90657,17007.17775,17653.8785,18971.72141,21603.9481,23203.05035,24522.40477,27632.28793,28815.50724,29656.88219,28215.50652,28994.62412,28735.41215,28913.51109,29363.8157,28911.56542,29169.36664,27390.81527,26447.82258,26355.20976,25931.03527,23822.92306
Tunisia,TUN,,,,,,,,,,,,,,,,,,,,,,,,,,,,,,,5432.310571,5520.287776,5822.679028,5827.014749,5896.922017,5931.437227,6257.967115,6508.713225,6737.785739,7068.635735,7329.322292,7541.097104,7580.962886,7878.373001,8305.352121,8523.062225,8886.984292,9387.992601,9682.760207,9871.979579,10113.33884,9820.932914,10123.39813,10308.35128,10498.81696,10510.29756,10524.88081,10605.26185,10763.69625,10755.53915,9727.473955
Turkey,TUR,,,,,,,,,,,,,,,,,,,,,,,,,,,,,,,12629.46728,12507.30779,12923.07901,13689.66096,12844.20684,13637.61761,14413.16073,15261.53695,15384.55395,14653.69744,15433.58712,14330.41814,15031.22298,15670.41763,16968.87361,18251.6691,19277.53069,20009.68889,19933.06727,18731.51938,20027.66683,21932.29457,22610.68277,24117.65847,24881.72779,25958.64076,26385.00194,27913.81872,28312.68342,28199.05159,28384.98778
Tuvalu,TUV,,,,,,,,,,,,,,,,,,,,,,,,,,,,,,,2610.768952,2673.786728,2719.393262,2805.312351,3072.077224,2906.096225,2727.280272,2996.558386,3459.577969,3401.103914,3350.879385,3374.734828,3597.225859,3430.465305,3333.683127,3167.250024,3196.308609,3365.695185,3600.56277,3408.571267,3281.502177,3493.275351,3322.38751,3440.820546,3447.796226,3720.305315,3787.816642,3896.748473,3945.563673,4274.763166,4411.003116
Tanzania,TZA,,,,,,,,,,,,,,,,,,,,,,,,,,,,,,,1392.221946,1374.651501,1336.380278,1307.670839,1286.488715,1294.011386,1317.559858,1331.37312,1349.205954,1382.106168,1409.453964,1456.566719,1518.094426,1574.777606,1645.83994,1719.727757,1781.277619,1848.985478,1899.482075,1943.040893,2006.971326,2098.276605,2128.52893,2205.95146,2284.961757,2354.138985,2441.636945,2530.603317,2590.201138,2660.420433,2635.335891
Uganda,UGA,,,,,,,,,,,,,,,,,,,,,,,,,,,,,,,907.7614413,926.2033546,926.4818825,971.4715961,1001.43043,1082.927784,1146.373034,1170.19996,1192.608811,1251.514366,1252.752131,1277.773766,1346.392428,1388.672609,1436.709626,1480.052156,1588.775063,1668.988497,1757.971983,1819.001182,1861.282458,1972.310403,1983.880371,1989.647792,2022.29482,2054.090449,2075.011666,2074.652436,2121.96782,2187.465227,2177.595854
Ukraine,UKR,,,,,,,,,,,,,,,,,,,,,,,,,,,,,,,15751.72244,14396.6327,12962.9357,11112.67765,8606.613502,7616.545726,6915.978305,6769.916115,6700.900302,6750.840855,7221.465608,7969.421028,8467.795992,9349.134688,10561.00953,10957.55828,11852.65236,12829.03065,13195.87684,11298.39096,11778.3137,12466.80779,12527.4655,12552.66976,12408.9516,11237.07446,11534.638,11871.12362,12338.00245,12808.799,12377.01729
Upper middle income,UMC,,,,,,,,,,,,,,,,,,,,,,,,,,,,,,,6028.662104,5953.292997,5844.472398,5949.358418,6009.883113,6119.403989,6337.60024,6593.406755,6675.284491,6838.450774,7211.915289,7394.576125,7674.172028,8049.022332,8632.907929,9199.647126,9911.727915,10742.29343,11326.80513,11418.26495,12225.7037,12924.87583,13554.8434,14162.6258,14668.76047,15120.67562,15593.07738,16246.28935,16884.58839,17431.02229,17136.56512
Uruguay,URY,,,,,,,,,,,,,,,,,,,,,,,,,,,,,,,10255.75195,10543.8867,11297.92276,11513.22061,12261.19157,11997.02878,12576.08664,13555.97801,14078.60113,13734.83992,13422.17681,12883.9455,11885.70277,11990.01407,12598.25789,13536.82893,14076.37412,14968.59847,16002.09575,16634.05853,17880.85267,18750.00721,19355.68088,20190.79918,20777.28847,20783.57784,21059.93317,21324.85221,21348.21529,21346.03799,20026.03654
United States,USA,,,,,,,,,,,,,,,,,,,,,,,,,,,,,,,40388.05337,39808.80786,40643.4444,41214.77278,42352.66415,42974.70545,44080.12626,45460.97807,46947.7903,48617.81385,50064.29524,50066.12207,50467.70437,51467.43216,52930.48689,54287.3612,55301.42496,55805.69962,55204.83961,53334.81118,54250.25002,54692.63537,55514.22152,56146.4711,57144.10277,58469.52678,59040.78147,60036.98921,61511.30507,62555.15887,60162.90904
Uzbekistan,UZB,,,,,,,,,,,,,,,,,,,,,,,,,,,,,,,3416.724096,3328.189782,2886.95148,2757.178524,2562.993905,2494.445713,2488.790383,2569.310381,2637.004996,2720.90867,2786.430374,2865.940295,2943.572386,3032.666318,3221.189333,3405.216308,3614.577371,3901.05877,4185.557525,4446.863606,4651.522962,4880.862629,5164.274222,5469.855953,5764.492705,6086.715742,6346.334778,6518.804687,6755.480974,7014.324699,6994.169412
St. Vincent and the Grenadines,VCT,,,,,,,,,,,,,,,,,,,,,,,,,,,,,,,6547.425762,6408.464245,6671.578035,7119.109796,7025.26822,7572.017503,7673.799557,7949.256145,8281.150757,8509.068057,8646.608816,8785.824912,9323.739689,10019.65076,10417.05926,10666.73856,11488.37742,11881.82116,12082.89223,11841.05243,11447.46662,11393.67943,11538.36691,11729.41835,11845.21038,11973.41937,12163.60498,12245.12634,12466.41614,12484.72871,12105.38136
"Venezuela, RB",VEN,,,,,,,,,,,,,,,,,,,,,,,,,,,,,,,,,,,,,,,,,,,,,,,,,,,,,,,,,,,,,
British Virgin Islands,VGB,,,,,,,,,,,,,,,,,,,,,,,,,,,,,,,,,,,,,,,,,,,,,,,,,,,,,,,,,,,,,
Virgin Islands (U.S.),VIR,,,,,,,,,,,,,,,,,,,,,,,,,,,,,,,,,,,,,,,,,,,,,,,,,,,,,,,,,,,,,
Vietnam,VNM,,,,,,,,,,,,,,,,,,,,,,,,,,,,,,,1673.249806,1736.014089,1847.620493,1957.644497,2091.599345,2252.633856,2425.526393,2587.055215,2701.770508,2797.785536,2954.982905,3105.643482,3269.875375,3462.880228,3689.732511,3931.765368,4167.107648,4422.285373,4628.029653,4830.305069,5089.411016,5352.022081,5574.493705,5815.175243,6098.539148,6438.259854,6767.778832,7155.443187,7585.943155,8041.178384,8200.331867
Vanuatu,VUT,,,,,,,,,,,,,,,,,,,,,,,,,,,,,,,2855.900688,2864.818884,2854.456012,2793.240906,2965.504032,2923.44045,2929.461465,3017.052522,2999.906925,2955.689882,3068.095866,2897.359191,2679.920368,2724.144437,2761.115983,2835.927046,3002.859077,3017.516468,3112.333217,3129.645024,3088.978879,3101.328794,3046.685823,2975.898004,2984.605124,2915.70046,2973.467613,3081.835198,3093.461547,3117.678832,2762.791388
World,WLD,,,,,,,,,,,,,,,,,,,,,,,,,,,,,,,9626.442741,9597.67794,9599.850192,9608.05758,9729.492489,9886.415061,10114.38699,10357.15864,10467.47007,10688.8916,11047.71101,11158.83084,11316.3943,11592.54598,12030.21375,12425.16781,12903.55878,13404.88534,13593.79005,13338.46434,13844.94186,14214.85026,14492.7347,14795.57081,15127.61555,15461.67611,15782.23656,16191.14748,16584.31589,16867.0573,16135.47705
Samoa,WSM,,,,,,,,,,,,,,,,,,,,,,,,,,,,,,,4055.027494,3932.700511,3889.497904,4009.547426,3871.205958,4096.505404,4361.991269,4367.094732,4442.961848,4520.001593,4809.239885,5115.426532,5306.899332,5513.06118,5731.997518,5932.875631,6011.151701,6350.104135,6371.309048,6022.795875,6006.383728,6206.154634,5901.405539,5826.675959,5785.487988,5992.439321,6440.797422,6480.845407,6322.208997,6516.520678,6295.731841
Kosovo,XKX,,,,,,,,,,,,,,,,,,,,,,,,,,,,,,,,,,,,,,,,,4715.361356,5983.217361,5937.243587,6288.029282,6447.904858,6832.280489,7082.821977,7538.087804,7949.249926,8169.317728,8372.091001,8663.789701,8827.823336,9076.326727,9214.40621,9723.580842,10179.9251,10530.48166,10895.044,11485.92401,10776.09525
"Yemen, Rep.",YEM,,,,,,,,,,,,,,,,,,,,,,,,,,,,,,,,,,,,,,,,,,,,,,,,,,,,,,,,,,,,,
South Africa,ZAF,,,,,,,,,,,,,,,,,,,,,,,,,,,,,,,10296.44084,9943.438069,9490.978041,9375.049974,9453.161454,9541.174288,9761.738955,9841.63101,9733.517153,9819.589496,10088.85225,10224.02333,10469.18908,10646.83151,10997.01091,11434.91524,11924.07341,12402.04946,12628.20084,12262.14303,12452.33753,12666.70802,12743.93861,12852.78216,12884.4846,12840.0354,12702.91708,12701.34893,12627.92858,12481.81351,11466.18967
Zambia,ZMB,,,,,,,,,,,,,,,,,,,,,,,,,,,,,,,2190.181724,2133.68749,2045.973499,2133.263601,1902.392868,1908.698795,1974.61507,1994.849295,1933.003767,1968.21522,1990.858991,2042.537498,2080.19569,2168.333196,2261.766733,2362.902226,2483.207962,2619.72137,2747.438504,2917.515557,3125.528849,3201.288029,3339.269902,3399.702294,3450.0376,3443.553254,3467.887448,3485.02178,3521.542063,3470.448024,3270.035112
Zimbabwe,ZWE,,,,,,,,,,,,,,,,,,,,,,,,,,,,,,,3324.49918,3426.745635,3055.02191,3033.636699,3264.07717,3226.554799,3520.586622,3580.203612,3654.079616,3601.007804,3473.582124,3511.051791,3190.646939,2642.221708,2480.969388,2328.279594,2233.115497,2133.903009,1739.31925,1925.450241,2273.299824,2556.390222,2932.207129,2937.85085,2955.364822,2958.337194,2934.874462,3028.277031,3090.287066,2799.899189,2538.220105
