Country Name,Country Code,Indicator Name,Indicator Code,1960,1961,1962,1963,1964,1965,1966,1967,1968,1969,1970,1971,1972,1973,1974,1975,1976,1977,1978,1979,1980,1981,1982,1983,1984,1985,1986,1987,1988,1989,1990,1991,1992,1993,1994,1995,1996,1997,1998,1999,2000,2001,2002,2003,2004,2005,2006,2007,2008,2009,2010,2011,2012,2013,2014,2015,2016,2017,2018,2019,2020
Aruba,ABW,"GNI per capita, PPP (current international $)",NY.GNP.PCAP.PP.CD,,,,,,,,,,,,,,,,,,,,,,,,,,,,,,,23060,24780,25380,26080,27250,27370,27190,28780,29410,28980,31620,30140,27760,29550,31950,27060,33630,31230,35660,32360,30710,31000,32030,34610,35420,35740,35880,36750,,,
Africa Eastern and Southern,AFE,"GNI per capita, PPP (current international $)",NY.GNP.PCAP.PP.CD,,,,,,,,,,,,,,,,,,,,,,,,,,,,,,,1737.21076,1768.140095,1679.185484,1711.29376,1731.914451,1835.087244,1920.636925,1987.74351,1991.218563,2010.272491,2078.761497,2143.279966,2210.867001,2270.037093,2400.343988,2558.632887,2734.113259,2902.800227,2998.473513,2981.497571,3063.446021,3174.505439,3118.859472,3236.06731,3384.4256,3422.374577,3541.464741,3598.5768,3681.298944,3736.599416,3583.939696
Afghanistan,AFG,"GNI per capita, PPP (current international $)",NY.GNP.PCAP.PP.CD,,,,,,,,,,,,,,,,,,,,,,,,,,,,,,,,,,,,,,,,,,,,,,,,,,1520,1710,1700,1920,2020,2070,2110,2000,2090,2100,2190,2100
Africa Western and Central,AFW,"GNI per capita, PPP (current international $)",NY.GNP.PCAP.PP.CD,,,,,,,,,,,,,,,,,,,,,,,,,,,,,,,1635.397133,1671.520294,1696.432663,1646.248454,1655.557321,1691.305954,1707.182804,1768.12075,1796.047322,1832.304242,1803.82794,1922.50912,2084.759362,2171.200428,2336.238879,2497.165695,2765.350418,2870.954081,3020.04177,3134.745533,3286.994235,3417.4996,3532.962685,3762.240464,4051.91937,4021.290868,3959.126893,3972.513854,4048.230818,4177.241642,4096.053208
Angola,AGO,"GNI per capita, PPP (current international $)",NY.GNP.PCAP.PP.CD,,,,,,,,,,,,,,,,,,,,,,,,,,,,,,,2990,3310,1630,1490,1260,2350,2420,2830,2820,2640,2790,2910,3380,3470,3780,4310,4730,5350,5580,5840,5950,6130,6810,7130,7680,6960,6730,6860,6550,6370,5900
Albania,ALB,"GNI per capita, PPP (current international $)",NY.GNP.PCAP.PP.CD,,,,,,,,,,,,,,,,,,,,,,,,,,,,,,,2550,1880,1740,2100,2300,2700,3040,2780,3110,3550,3980,4440,4780,5130,5550,5980,6750,7480,8270,8680,9540,10210,10450,10750,11360,11800,12270,12800,13540,14150,13670
Andorra,AND,"GNI per capita, PPP (current international $)",NY.GNP.PCAP.PP.CD,,,,,,,,,,,,,,,,,,,,,,,,,,,,,,,,,,,,,,,,,,,,,,,,,,,,,,,,,,,,,
Arab World,ARB,"GNI per capita, PPP (current international $)",NY.GNP.PCAP.PP.CD,,,,,,,,,,,,,,,,,,,,,,,,,,,,,,,6837.60147,7399.766797,7801.439172,8034.396588,8137.149074,8284.63394,8545.107168,8841.891615,9356.926683,9420.410329,10006.5128,10216.6127,10071.06162,10448.11261,11493.33579,12137.66151,13054.46392,13743.72403,14441.18267,14223.23769,14583.62792,15009.04613,15962.11743,15939.03372,15678.84332,14128.85417,13691.87324,14178.51483,14516.486,14772.53326,14030.49563
United Arab Emirates,ARE,"GNI per capita, PPP (current international $)",NY.GNP.PCAP.PP.CD,,,,,,,,,,,,,,,,,,,,,,,,,,,,,,,,,,,,,,,,,103170,101470,96350,99200,102360,99230,97720,89930,80690,68870,64860,67710,69160,70460,73740,65220,64340,67670,68810,71500,66660
Argentina,ARG,"GNI per capita, PPP (current international $)",NY.GNP.PCAP.PP.CD,,,,,,,,,,,,,,,,,,,,,,,,,,,,,,,6880,7750,8550,9410,10020,9780,10370,11260,11650,11280,11310,10900,9540,10580,10860,12030,14460,16130,16970,15830,17440,18770,19150,19650,19250,19730,19860,23000,22460,22090,20220
Armenia,ARM,"GNI per capita, PPP (current international $)",NY.GNP.PCAP.PP.CD,,,,,,,,,,,,,,,,,,,,,,,,,,,,,,,2670,2550,1290,1480,1630,1870,2050,2240,2390,2510,2740,3090,3580,4180,4810,5680,6720,7960,8790,7530,7880,8310,9740,10440,10490,10370,10950,12540,13230,14420,13100
American Samoa,ASM,"GNI per capita, PPP (current international $)",NY.GNP.PCAP.PP.CD,,,,,,,,,,,,,,,,,,,,,,,,,,,,,,,,,,,,,,,,,,,,,,,,,,,,,,,,,,,,,
Antigua and Barbuda,ATG,"GNI per capita, PPP (current international $)",NY.GNP.PCAP.PP.CD,,,,,,,,,,,,,,,,,,,,,,,,,,,,,,,10470,11290,11570,12430,13230,12620,13480,14290,14880,15320,15940,15670,15530,16670,17800,19440,22240,24590,24550,21510,20110,19720,18950,18180,18110,17720,18570,18780,20480,21340,17910
Australia,AUS,"GNI per capita, PPP (current international $)",NY.GNP.PCAP.PP.CD,,,,,,,,,,,,,,,,,,,,,,,,,,,,,,,16750,17090,17500,18630,19640,20200,21220,22190,23440,24510,25580,26660,27990,28950,30500,31440,33020,34950,35970,38900,37820,40320,41530,44760,45660,45310,46140,47090,48530,50370,51330
Austria,AUT,"GNI per capita, PPP (current international $)",NY.GNP.PCAP.PP.CD,,,,,,,,,,,,,,,,,,,,,,,,,,,,,,,19510,20550,21290,21740,22620,23550,24490,25300,26510,27170,29130,29310,31000,32030,33700,34940,37700,39340,41660,40930,42390,44600,46500,48050,48860,49370,52680,53670,56500,58430,55590
Azerbaijan,AZE,"GNI per capita, PPP (current international $)",NY.GNP.PCAP.PP.CD,,,,,,,,,,,,,,,,,,,,,,,,,,,,,,,,,,3230,2610,2310,2360,2520,2790,3130,3320,3680,4030,4480,4850,5970,8130,10010,11630,12940,13800,13790,15050,16330,16940,14460,13510,13590,13850,14470,14390
Burundi,BDI,"GNI per capita, PPP (current international $)",NY.GNP.PCAP.PP.CD,,,,,,,,,,,,,,,,,,,,,,,,,,,,,,,610,650,650,620,590,550,510,500,530,520,540,530,550,530,550,560,590,610,630,640,660,680,690,740,780,840,800,770,780,790,770
Belgium,BEL,"GNI per capita, PPP (current international $)",NY.GNP.PCAP.PP.CD,,,,,,,,,,,,,,,,,,,,,,,,,,,,,,,18700,19690,20360,20760,21990,22880,23220,24300,24960,26030,28510,29340,30810,31490,32480,33590,35720,37260,38800,38480,40480,41010,43270,44750,45870,46850,49060,50900,53090,55450,53180
Benin,BEN,"GNI per capita, PPP (current international $)",NY.GNP.PCAP.PP.CD,,,,,,,,,,,,,,,,,,,,,,,,,,,,,,,1230,1290,1290,1370,1370,1440,1490,1560,1610,1670,1750,1830,1880,1920,2000,2050,2130,2250,2350,2350,2350,2410,2480,2650,2820,2860,2980,3010,3200,3390,3470
Burkina Faso,BFA,"GNI per capita, PPP (current international $)",NY.GNP.PCAP.PP.CD,,,,,,,,,,,,,,,,,,,,,,,,,,,,,,,590,650,640,660,670,700,780,810,860,910,920,970,1000,1060,1110,1200,1290,1340,1400,1390,1460,1520,1580,1640,1620,1640,1810,1970,2100,2150,2110
Bangladesh,BGD,"GNI per capita, PPP (current international $)",NY.GNP.PCAP.PP.CD,,,,,,,,,,,,,,,,,,,,,,,,,,,,,,,860,910,960,1010,1050,1100,1150,1200,1250,1300,1370,1450,1510,1590,1690,1830,2010,2200,2380,2490,2640,2830,3190,3400,3590,3790,4070,4340,4750,5180,5390
Bulgaria,BGR,"GNI per capita, PPP (current international $)",NY.GNP.PCAP.PP.CD,,,,,,,,,,,,,,,,,,,,,,,,,,,,,,,6940,6470,6790,6890,7180,7550,6610,5570,6060,5730,6270,6970,7950,8550,9300,10320,11110,11860,13650,13740,14660,15250,16110,16280,17470,17820,19450,20990,22210,24010,24150
Bahrain,BHR,"GNI per capita, PPP (current international $)",NY.GNP.PCAP.PP.CD,,,,,,,,,,,,,,,,,,,,,,,,,,,,,,,28270,31290,32170,34670,34240,36660,38090,37590,39050,39240,41140,40590,39640,40950,42250,44230,45240,46880,46130,41630,42550,41180,49020,49600,48600,43030,42280,45030,44900,44470,40640
"Bahamas, The",BHS,"GNI per capita, PPP (current international $)",NY.GNP.PCAP.PP.CD,,,,,,,,,,,,,,,,,,,,,,,,,,,,,,,20830,20220,19860,19850,20540,23700,26020,24300,23050,26250,27550,28270,29110,28860,29410,30690,31710,32400,32190,30300,30460,30940,31380,30750,31950,32530,32750,34330,34980,36180,30780
Bosnia and Herzegovina,BIH,"GNI per capita, PPP (current international $)",NY.GNP.PCAP.PP.CD,,,,,,,,,,,,,,,,,,,,,,,,,,,,,,,,,,,800,1010,2080,2920,4220,4540,5040,5190,5530,5720,6500,6750,7630,8430,9360,9380,9510,10060,10380,11160,11530,12090,13090,13640,14830,15840,15600
Belarus,BLR,"GNI per capita, PPP (current international $)",NY.GNP.PCAP.PP.CD,,,,,,,,,,,,,,,,,,,,,,,,,,,,,,,5230,5170,4950,4650,4190,3850,4050,4600,5070,5350,5780,6230,6700,7380,8480,9660,10960,12210,13710,13750,15050,16380,17700,18330,18440,17330,16950,17670,18730,19500,19390
Belize,BLZ,"GNI per capita, PPP (current international $)",NY.GNP.PCAP.PP.CD,,,,,,,,,,,,,,,,,,,,,,,,,,,,,,,3270,3690,4130,4390,4360,4400,4380,4470,4460,4710,5210,5320,5530,5880,6030,6220,6550,6430,6630,6930,6800,7170,6700,6680,6600,6830,6790,6710,6830,6940,6220
Bermuda,BMU,"GNI per capita, PPP (current international $)",NY.GNP.PCAP.PP.CD,,,,,,,,,,,,,,,,,,,,,,,,,,,,,,,,,,,,,,,,,,,,,,,,,,,72180,71790,70450,72180,71390,74460,78530,85190,86090,86450,83150
Bolivia,BOL,"GNI per capita, PPP (current international $)",NY.GNP.PCAP.PP.CD,,,,,,,,,,,,,,,,,,,,,,,,,,,,,,,2250,2410,2480,2590,2730,2860,2980,3140,3280,3270,3350,3410,3490,3540,3690,3930,4180,4400,4710,4790,4930,5240,5570,6210,6690,6890,7360,8170,8650,8910,8170
Brazil,BRA,"GNI per capita, PPP (current international $)",NY.GNP.PCAP.PP.CD,,,,,,,,,,,,,,,,,,,,,,,,,,,,,,,6520,6720,6740,7080,7590,7970,8060,8310,8200,8160,8800,8960,9250,9420,10140,10670,11350,12280,12990,12980,13860,14650,14670,15370,15430,14470,13950,14250,14600,14980,14550
Barbados,BRB,"GNI per capita, PPP (current international $)",NY.GNP.PCAP.PP.CD,,,,,,,,,,,,,,,,,,,,,,,,,,,,,,,9360,9290,8970,9180,9510,9810,10310,11010,11500,11600,12310,12180,12390,12810,13400,14140,15120,16140,16310,15680,15730,15250,14740,14700,14540,14810,15220,15080,15320,15740,12790
Brunei Darussalam,BRN,"GNI per capita, PPP (current international $)",NY.GNP.PCAP.PP.CD,,,,,,,,,,,,,,,,,,,,,,,,,,,,,,,55880,57910,60310,60210,61730,64150,65550,64190,63100,64530,66440,68350,70720,72760,73810,75210,79770,81430,80340,78680,79690,81680,86130,82860,81300,65690,60420,64620,62220,66460,67560
Bhutan,BTN,"GNI per capita, PPP (current international $)",NY.GNP.PCAP.PP.CD,,,,,,,,,,,,,,,,,,,,,,,,,,,,,,,1460,1450,1500,1600,1770,1820,1960,2120,2060,2140,2690,2920,3180,3400,3640,4000,4390,5230,5450,5730,6310,6830,7280,7430,8050,8820,9560,10170,10580,11250,10440
Botswana,BWA,"GNI per capita, PPP (current international $)",NY.GNP.PCAP.PP.CD,,,,,,,,,,,,,,,,,,,,,,,,,,,,,,,5310,5990,6210,6590,5990,6710,6730,7430,7800,7870,7930,8290,7800,8500,8690,9440,10420,11450,12130,11630,12190,13420,12890,13530,15800,14930,16840,16140,16670,16980,15490
Central African Republic,CAF,"GNI per capita, PPP (current international $)",NY.GNP.PCAP.PP.CD,,,,,,,,,,,,,,,,,,,,,,,,,,,,,,,630,630,590,580,600,640,610,640,660,690,660,700,720,680,720,740,780,830,840,910,960,1020,1110,750,730,800,860,960,1030,1060,1020
Canada,CAN,"GNI per capita, PPP (current international $)",NY.GNP.PCAP.PP.CD,,,,,,,,,,,,,,,,,,,,,,,,,,,,,,,,,,,,,,24470,25430,26900,28590,29360,30180,31540,33180,35580,37500,38970,39780,38220,39320,40880,41540,43620,45010,43990,45900,47700,49390,50010,47580
Central Europe and the Baltics,CEB,"GNI per capita, PPP (current international $)",NY.GNP.PCAP.PP.CD,,,,,,,,,,,,,,,,,,,,,,,,,,,,,,,,,6539.466005,6849.483518,7310.910644,7883.989153,8287.142006,8577.002547,8962.867648,9246.412419,9868.732756,10644.86198,11447.76908,12036.65128,12990.2724,13907.61176,15350.2365,16908.39315,19029.34674,19134.17758,20107.20392,21349.85128,22188.91345,23251.13795,24208.71739,25235.8897,26911.34364,28890.20283,30833.96407,33085.52355,33004.35304
Switzerland,CHE,"GNI per capita, PPP (current international $)",NY.GNP.PCAP.PP.CD,,,,,,,,,,,,,,,,,,,,,,,,,,,,,,,,,,,,31470,32230,34120,35450,36660,39110,39310,39750,41230,42690,45080,49720,51350,50560,54270,57900,58510,61140,63430,64210,66830,67820,68170,68810,70510,69190
Channel Islands,CHI,"GNI per capita, PPP (current international $)",NY.GNP.PCAP.PP.CD,,,,,,,,,,,,,,,,,,,,,,,,,,,,,,,,,,,,,,,,,,,,,,,,,,,,,,,,,,,,,
Chile,CHL,"GNI per capita, PPP (current international $)",NY.GNP.PCAP.PP.CD,,,,,,,,,,,,,,,,,,,,,,,,,,,,,,,4270,4700,5390,5910,6270,7070,7750,8370,8790,8720,9220,9640,9930,10180,10840,11640,13840,15050,15220,15060,16880,19110,20490,21300,21910,22010,22710,23460,23620,25040,23980
China,CHN,"GNI per capita, PPP (current international $)",NY.GNP.PCAP.PP.CD,,,,,,,,,,,,,,,,,,,,,,,,,,,,,,,980,1100,1260,1450,1660,1830,2030,2240,2410,2620,2890,3160,3500,3910,4410,5020,5830,6830,7620,8290,9210,10200,11140,11780,12500,12840,13420,14220,15430,16610,17080
Cote d'Ivoire,CIV,"GNI per capita, PPP (current international $)",NY.GNP.PCAP.PP.CD,,,,,,,,,,,,,,,,,,,,,,,,,,,,,,,2480,2510,2490,2450,2490,2640,1850,1970,2020,2050,1920,1890,1860,1800,1910,2120,2180,2220,2350,2410,2530,2310,2540,2700,4240,4550,4620,4690,4960,5290,5300
Cameroon,CMR,"GNI per capita, PPP (current international $)",NY.GNP.PCAP.PP.CD,,,,,,,,,,,,,,,,,,,,,,,,,,,,,,,1880,1780,1730,1590,1610,1640,1690,1750,1820,1890,1910,1970,2060,2200,2380,2440,2570,2650,2720,2770,2790,2860,2910,3070,3290,3350,3470,3600,3730,3820,3780
"Congo, Dem. Rep.",COD,"GNI per capita, PPP (current international $)",NY.GNP.PCAP.PP.CD,,,,,,,,,,,,,,,,,,,,,,,,,,,,,,,,,,,500,490,520,490,480,440,440,410,430,450,470,500,530,550,560,580,610,640,630,690,780,840,940,1030,1080,1110,1110
"Congo, Rep.",COG,"GNI per capita, PPP (current international $)",NY.GNP.PCAP.PP.CD,,,,,,,,,,,,,,,,,,,,,,,,,,,,,,,2930,3040,3220,2960,2930,2150,2190,2620,2810,2510,2710,2780,2930,2990,2870,3310,3980,3650,3990,4570,4970,4890,5990,5930,6020,4610,3690,3640,3430,3130,3060
Colombia,COL,"GNI per capita, PPP (current international $)",NY.GNP.PCAP.PP.CD,,,,,,,,,,,,,,,,,,,,,,,,,,,,,,,4810,5000,5230,5580,5970,6310,6420,6640,6660,6380,6550,6670,6830,7070,7540,8120,8800,9490,9830,9940,10340,11110,11560,12280,12910,13080,13660,13910,14480,15260,14280
Comoros,COM,"GNI per capita, PPP (current international $)",NY.GNP.PCAP.PP.CD,,,,,,,,,,,,,,,,,,,,,,,,,,,,,,,1580,1500,1640,1670,1570,1610,1580,1620,1620,1630,1800,1840,1860,1890,1930,2000,2070,2100,2160,2190,2250,2340,2510,2640,2720,2720,2880,3050,3140,3130,3130
Cabo Verde,CPV,"GNI per capita, PPP (current international $)",NY.GNP.PCAP.PP.CD,,,,,,,,,,,,,,,,,,,,,,,,,,,,,,,1070,1090,1210,1300,1540,1740,1920,2130,2360,2600,2960,3080,3200,3360,3740,4010,4380,5210,5560,5470,5440,5730,5570,5590,5460,5770,6100,6410,6860,7310,6220
Costa Rica,CRI,"GNI per capita, PPP (current international $)",NY.GNP.PCAP.PP.CD,,,,,,,,,,,,,,,,,,,,,,,,,,,,,,,4800,5040,5500,5890,6210,6410,6490,6800,7130,7250,7480,7770,8030,8400,8910,9470,10410,11460,12150,11820,12450,13090,13870,14460,15400,16360,18270,19280,19890,20520,19930
Caribbean small states,CSS,"GNI per capita, PPP (current international $)",NY.GNP.PCAP.PP.CD,,,,,,,,,,,,,,,,,,,,,,,,,,,,,,,5727.802336,5957.057015,6310.54033,6741.974579,6934.9568,7359.430826,7793.7325,8044.089293,8214.667039,8646.847427,9036.964086,9349.74395,9817.411728,10542.35807,11343.90504,11964.59968,13148.46865,13973.34924,14433.28378,13873.62374,14222.82455,14183.55373,14393.27353,14784.08085,14850.71013,14818.49037,14662.08304,15299.63862,15631.49848,16098.89267,14775.99507
Cuba,CUB,"GNI per capita, PPP (current international $)",NY.GNP.PCAP.PP.CD,,,,,,,,,,,,,,,,,,,,,,,,,,,,,,,,,,,,,,,,,,,,,,,,,,,,,,,,,,,,,
Curacao,CUW,"GNI per capita, PPP (current international $)",NY.GNP.PCAP.PP.CD,,,,,,,,,,,,,,,,,,,,,,,,,,,,,,,,,,,,,,,,,,,,,,25350,25930,26750,26940,26440,26790,27100,26490,26300,25930,25820,25430,26370,26520,26620,22200
Cayman Islands,CYM,"GNI per capita, PPP (current international $)",NY.GNP.PCAP.PP.CD,,,,,,,,,,,,,,,,,,,,,,,,,,,,,,,,,,,,,,,,,,,,,,,,,,,59910,61850,42510,37500,36380,38100,40050,46720,51280,58100,54130
Cyprus,CYP,"GNI per capita, PPP (current international $)",NY.GNP.PCAP.PP.CD,,,,,,,,,,,,,,,,,,,,,,,,,,,,,,,13240,13440,14630,14730,15590,16190,16440,16800,19320,18530,19470,21240,22340,23270,24460,26320,28310,30740,34260,33820,32970,34190,31610,30020,29280,31610,34300,36810,38930,39850,36840
Czech Republic,CZE,"GNI per capita, PPP (current international $)",NY.GNP.PCAP.PP.CD,,,,,,,,,,,,,,,,,,,,,,,,,,,,,,,,,11820,12180,12800,13720,14440,14600,14760,15110,15930,17130,17600,18860,19920,21070,22400,24560,26270,25860,25810,26660,27370,28860,30270,31570,33660,36630,38880,40700,40580
Germany,DEU,"GNI per capita, PPP (current international $)",NY.GNP.PCAP.PP.CD,,,,,,,,,,,,,,,,,,,,,,,,,,,,,,,19630,21020,21730,21860,22740,23480,24020,24520,25200,26110,27060,28180,28870,29570,31500,32060,34690,36770,38160,37670,39760,43630,44400,46040,47950,48690,51830,54340,56920,58110,55770
Djibouti,DJI,"GNI per capita, PPP (current international $)",NY.GNP.PCAP.PP.CD,,,,,,,,,,,,,,,,,,,,,,,,,,,,,,,,,,,,,,,,,,,,,,,,,,,,,,4050,4240,4520,4550,4660,5090,5610,5610
Dominica,DMA,"GNI per capita, PPP (current international $)",NY.GNP.PCAP.PP.CD,,,,,,,,,,,,,,,,,,,,,,,,,,,,,,,4190,4340,4540,4760,4760,4970,5140,5420,5780,5720,5750,6160,6000,6510,6780,7100,7980,8630,9490,9570,9830,9980,9750,9750,11650,10700,11600,11060,11830,12680,11150
Denmark,DNK,"GNI per capita, PPP (current international $)",NY.GNP.PCAP.PP.CD,,,,,,,,,,,,,,,,,,,,,,,,,,,,,,,17580,18350,19160,19680,21160,22230,23220,24470,25450,26370,28020,29020,30260,30510,32950,34430,37740,39150,41740,40760,43740,45340,45820,48210,49640,50550,53250,56570,59050,61630,62600
Dominican Republic,DOM,"GNI per capita, PPP (current international $)",NY.GNP.PCAP.PP.CD,,,,,,,,,,,,,,,,,,,,,,,,,,,,,,,3540,3620,4030,4280,4440,4710,5030,5490,5820,6140,6480,6680,6990,6760,6910,7920,8830,9600,10110,10160,11000,11410,11430,11890,12820,14130,15420,15940,17350,18310,17050
Algeria,DZA,"GNI per capita, PPP (current international $)",NY.GNP.PCAP.PP.CD,,,,,,,,,,,,,,,,,,,,,,,,,,,,,,,6660,6500,6690,6630,6530,6710,6970,7120,7490,7690,8030,8520,8930,9650,10140,10840,11320,12140,12540,12590,13060,13360,13130,12800,12700,11700,11510,11560,11610,11720,11090
East Asia & Pacific (excluding high income),EAP,"GNI per capita, PPP (current international $)",NY.GNP.PCAP.PP.CD,,,,,,,,,,,,,,,,,,,,,,,,,,,,,,,1416.736712,1554.778372,1728.28381,1932.296676,2158.480803,2366.014315,2591.513915,2784.300719,2794.8104,2963.260597,3222.464248,3486.337701,3792.205899,4160.99704,4613.224989,5149.226408,5843.690364,6681.826198,7343.199788,7853.128395,8630.514754,9440.127077,10261.30453,10784.29687,11357.88861,11622.95093,12129.64497,12821.66437,13847.67555,14833.59855,15022.6424
Early-demographic dividend,EAR,"GNI per capita, PPP (current international $)",NY.GNP.PCAP.PP.CD,,,,,,,,,,,,,,,,,,,,,,,,,,,,,,,2861.820233,3040.44452,3178.516602,3275.430577,3374.561879,3495.176376,3686.118751,3843.100023,3808.903649,3878.442972,4068.562155,4181.900584,4259.165855,4492.72036,4827.497016,5196.87651,5653.883949,6089.61427,6381.830427,6476.683711,6869.771295,7266.535056,7629.776884,7860.215925,8079.818604,8181.971299,8441.763567,8868.995595,9291.282405,9553.51214,9152.662682
East Asia & Pacific,EAS,"GNI per capita, PPP (current international $)",NY.GNP.PCAP.PP.CD,,,,,,,,,,,,,,,,,,,,,,,,,,,,,,,3191.177673,3433.653655,3656.241929,3900.459508,4190.653508,4487.081021,4806.644922,5065.712038,5051.256036,5280.754825,5683.983937,5994.677192,6373.04508,6796.435039,7381.241062,8012.63632,8835.033468,9796.63787,10438.66065,10794.24477,11712.80602,12568.70893,13426.96311,14075.70564,14659.61827,15022.42386,15492.99589,16241.26402,17281.65606,18248.42807,18359.57633
Europe & Central Asia (excluding high income),ECA,"GNI per capita, PPP (current international $)",NY.GNP.PCAP.PP.CD,,,,,,,,,,,,,,,,,,,,,,,,,,,,,,,6902.03608,6726.864407,6200.66516,5998.247163,5460.935523,5483.378357,5553.254772,5764.439396,5260.099774,5425.5642,6056.710253,6447.091051,6911.814667,7574.141802,8517.727131,9535.116886,11338.50236,12676.21276,14534.82096,14032.22467,15007.1505,16496.68295,17525.4109,18846.29797,19261.04384,19002.8654,19411.0393,20647.65146,21978.95623,22362.06806,22227.16117
Europe & Central Asia,ECS,"GNI per capita, PPP (current international $)",NY.GNP.PCAP.PP.CD,,,,,,,,,,,,,,,,,,,,,,,,,,,,,,,11774.50587,12092.5555,12152.07588,12253.15117,12468.50778,12840.25403,13284.18512,13899.35358,14177.75871,14741.27535,15890.04057,16672.97932,17438.28527,18095.86276,19250.27172,20317.00315,22438.60521,23950.43586,25500.18598,24924.8419,26026.75591,27536.91443,28311.86067,29587.33202,30293.65838,30706.22792,32118.61937,33828.08923,35523.42566,36703.74978,35366.83372
Ecuador,ECU,"GNI per capita, PPP (current international $)",NY.GNP.PCAP.PP.CD,,,,,,,,,,,,,,,,,,,,,,,,,,,,,,,4440,4750,4920,5060,5290,5420,5480,5720,5820,5370,5450,5790,6050,6210,6760,7270,7720,7960,8630,8640,8960,9710,10150,10980,11530,10860,10820,11350,11510,11500,10580
"Egypt, Arab Rep.",EGY,"GNI per capita, PPP (current international $)",NY.GNP.PCAP.PP.CD,,,,,,,,,,,,,,,,,,,,,,,,,,,,,,,3620,3820,3990,4110,4280,4490,4710,4950,5200,5460,5820,6080,6150,6330,6630,7010,7640,8290,8890,9140,9330,9440,10840,10930,10640,11310,11040,10800,11350,11820,12210
Euro area,EMU,"GNI per capita, PPP (current international $)",NY.GNP.PCAP.PP.CD,,,,,,,,,,,,,,,,,,,,,,,,,,,,,,,17015.57031,17938.31701,18508.54084,18765.36273,19536.68201,20417.63048,21067.71186,21944.84425,22940.89558,23885.28553,25363.95881,26460.81777,27385.7715,27820.19382,29039.63087,30091.37797,32587.86485,34363.47486,35548.49497,34908.60189,35913.75133,37602.40622,38048.36276,39265.89387,40177.0268,41100.49768,43711.95277,45834.49952,47936.13639,49786.77146,47227.30043
Eritrea,ERI,"GNI per capita, PPP (current international $)",NY.GNP.PCAP.PP.CD,,,,,,,,,,,,,,,,,,,,,,,,,,,,,,,,,810,950,1190,1270,1390,1540,1590,1600,1530,1630,1630,1540,1530,1560,1550,1570,1410,1450,1470,1610,,,,,,,,,
Spain,ESP,"GNI per capita, PPP (current international $)",NY.GNP.PCAP.PP.CD,,,,,,,,,,,,,,,,,,,,,,,,,,,,,,,13500,14280,14650,14830,15230,16120,16700,17690,18850,19770,21440,22640,24100,24810,25880,27230,30110,31630,32340,31500,31240,31310,31470,32220,33400,34900,37380,39540,40750,42260,38570
Estonia,EST,"GNI per capita, PPP (current international $)",NY.GNP.PCAP.PP.CD,,,,,,,,,,,,,,,,,,,,,,,,,,,,,,,,,,,,,,,,,9070,9810,11050,12360,13710,15870,18250,20450,21640,19980,20650,23530,25110,26980,28310,28750,30870,33040,35620,37940,37850
Ethiopia,ETH,"GNI per capita, PPP (current international $)",NY.GNP.PCAP.PP.CD,,,,,,,,,,,,,,,,,,,,,,,,,,,,,,,410,380,340,380,390,410,460,460,440,460,480,520,520,500,570,640,710,790,870,930,1020,1130,1210,1280,1510,1650,1870,2010,2140,2300,2410
European Union,EUU,"GNI per capita, PPP (current international $)",NY.GNP.PCAP.PP.CD,,,,,,,,,,,,,,,,,,,,,,,,,,,,,,,14698.92409,15384.3622,15856.89416,16120.86974,16848.88299,17678.63466,18286.89128,19033.76686,19898.71779,20732.68075,22062.26982,23094.74617,24025.47449,24526.06833,25730.1777,26749.48768,29068.22531,30836.50021,32267.13021,31791.93638,32851.29202,34456.14456,34992.59547,36187.77042,37122.68609,38110.45893,40539.19494,42671.89761,44749.10072,46729.93895,44770.51485
Fragile and conflict affected situations,FCS,"GNI per capita, PPP (current international $)",NY.GNP.PCAP.PP.CD,,,,,,,,,,,,,,,,,,,,,,,,,,,,,,,1684.580125,1767.093651,1839.332747,1881.494922,1875.659749,1920.039632,1996.091414,2111.45516,2223.326699,2277.443432,2386.542659,2498.325851,2483.291549,2376.049056,2722.771503,2907.640629,3225.537705,3455.047768,3672.534927,3736.507872,3874.765884,3834.61427,4112.36262,4235.109717,4332.296586,4106.092619,4100.118033,4238.67287,4342.364253,4474.968014,4216.618566
Finland,FIN,"GNI per capita, PPP (current international $)",NY.GNP.PCAP.PP.CD,,,,,,,,,,,,,,,,,,,,,,,,,,,,,,,17790,17040,16530,16620,17700,18970,19590,21460,23120,24520,26630,27800,28690,28850,31400,32190,34720,37900,40150,38470,39490,41070,41060,41660,42180,42920,45140,47590,49910,51780,51680
Fiji,FJI,"GNI per capita, PPP (current international $)",NY.GNP.PCAP.PP.CD,,,,,,,,,,,,,,,,,,,,,,,,,,,,,,,4050,4060,4340,4470,4660,4960,5270,5160,5150,5650,5950,6010,6400,6520,7040,7380,7280,7460,7590,7620,7670,8010,8510,9350,10820,11660,11940,12370,13260,13090,11330
France,FRA,"GNI per capita, PPP (current international $)",NY.GNP.PCAP.PP.CD,,,,,,,,,,,,,,,,,,,,,,,,,,,,,,,17670,18340,18990,19250,20020,20800,21490,22510,23660,24790,26510,28000,28820,28520,29440,31020,33070,34760,35860,35500,36760,38440,38500,40410,41010,41730,43830,45580,47700,50680,47450
Faroe Islands,FRO,"GNI per capita, PPP (current international $)",NY.GNP.PCAP.PP.CD,,,,,,,,,,,,,,,,,,,,,,,,,,,,,,,,,,,,,,,,,,,,,,,,,,,,,,,,,,,,,
"Micronesia, Fed. Sts.",FSM,"GNI per capita, PPP (current international $)",NY.GNP.PCAP.PP.CD,,,,,,,,,,,,,,,,,,,,,,,,,,,,,,,,,,2360,2350,2420,2360,2180,2250,2380,2550,2660,2710,2800,2830,3010,3120,3190,3160,3340,3380,3530,3550,3540,3470,3980,3930,3960,3630,4020,3950
Gabon,GAB,"GNI per capita, PPP (current international $)",NY.GNP.PCAP.PP.CD,,,,,,,,,,,,,,,,,,,,,,,,,,,,,,,11180,11950,11200,11420,12110,12450,12810,13430,14000,12530,11850,12350,12710,12640,12120,13280,12470,12960,12500,12570,12890,13490,13820,13650,14570,13480,13180,14060,14100,14320,14300
United Kingdom,GBR,"GNI per capita, PPP (current international $)",NY.GNP.PCAP.PP.CD,,,,,,,,,,,,,,,,,,,,,,,,,,,,,,,17350,17730,18370,19210,20660,19940,21190,22700,23790,24380,26580,28020,29440,30710,32360,33180,34830,35480,36510,34960,36620,37510,38120,39400,40720,41890,43520,45770,47190,49050,45170
Georgia,GEO,"GNI per capita, PPP (current international $)",NY.GNP.PCAP.PP.CD,,,,,,,,,,,,,,,,,,,,,,,,,,,,,,,,,2580,1830,1700,1800,2160,2660,2890,3080,3140,3400,3660,4170,4610,5220,5980,6830,7100,6960,7430,8120,9720,10420,11420,11820,12260,12920,14030,14930,14070
Ghana,GHA,"GNI per capita, PPP (current international $)",NY.GNP.PCAP.PP.CD,,,,,,,,,,,,,,,,,,,,,,,,,,,,,,,1220,1290,1340,1390,1430,1480,1530,1580,1640,1690,1740,1810,1880,1960,2080,2220,2380,2490,2700,2780,2920,3270,3590,5150,5280,5050,4800,4860,5200,5540,5930
Gibraltar,GIB,"GNI per capita, PPP (current international $)",NY.GNP.PCAP.PP.CD,,,,,,,,,,,,,,,,,,,,,,,,,,,,,,,,,,,,,,,,,,,,,,,,,,,,,,,,,,,,,
Guinea,GIN,"GNI per capita, PPP (current international $)",NY.GNP.PCAP.PP.CD,,,,,,,,,,,,,,,,,,,,,,,,,,,,,,,850,880,910,960,1000,1040,1070,1120,1140,1180,1200,1240,1320,1280,1320,1350,1460,1560,1620,1560,1640,1710,1770,1720,1750,1790,2040,2410,2470,2540,2580
"Gambia, The",GMB,"GNI per capita, PPP (current international $)",NY.GNP.PCAP.PP.CD,,,,,,,,,,,,,,,,,,,,,,,,,,,,,,,1470,1530,1570,1600,1590,1600,1620,1650,1670,1740,1810,1900,1790,1920,2100,2050,2030,2090,2210,2300,2390,2170,2150,2080,1980,2020,2030,2030,2170,2280,2240
Guinea-Bissau,GNB,"GNI per capita, PPP (current international $)",NY.GNP.PCAP.PP.CD,,,,,,,,,,,,,,,,,,,,,,,,,,,,,,,990,1030,1050,1070,1110,1150,1280,1370,970,980,1040,1050,1060,1060,1090,1150,1190,1240,1260,1280,1330,1450,1360,1340,1430,1640,1790,1930,1880,2060,1980
Equatorial Guinea,GNQ,"GNI per capita, PPP (current international $)",NY.GNP.PCAP.PP.CD,,,,,,,,,,,,,,,,,,,,,,,,,,,,,,,690,700,940,1020,1020,1090,1750,4550,5020,6470,5890,6420,8230,7840,9850,14200,23340,26790,28460,24770,19350,22180,24910,23770,22910,18130,15850,16600,15980,14070,13340
Greece,GRC,"GNI per capita, PPP (current international $)",NY.GNP.PCAP.PP.CD,,,,,,,,,,,,,,,,,,,,,,,,,,,,,,,,,,,,,,,,,,,,,,,27980,28530,29940,29710,27320,24960,25120,25990,26800,26740,27380,28460,29330,30560,28260
Grenada,GRD,"GNI per capita, PPP (current international $)",NY.GNP.PCAP.PP.CD,,,,,,,,,,,,,,,,,,,,,,,,,,,,,,,4520,4830,4890,4810,4940,5040,5310,5630,6280,6760,7150,7010,7270,8110,8030,10070,9930,10650,10960,9950,10300,10660,10690,11470,11860,12490,13650,14470,15550,15880,15440
Greenland,GRL,"GNI per capita, PPP (current international $)",NY.GNP.PCAP.PP.CD,,,,,,,,,,,,,,,,,,,,,,,,,,,,,,,,,,,,,,,,,,,,,,,,,,,,,,,,,,,,,
Guatemala,GTM,"GNI per capita, PPP (current international $)",NY.GNP.PCAP.PP.CD,,,,,,,,,,,,,,,,,,,,,,,,,,,,,,,3220,3420,3560,3710,3850,4020,4090,4250,4430,4550,4700,4840,4940,5050,5220,5440,5760,6150,6410,6350,6450,6720,7060,7270,7560,8000,8040,8150,8490,8850,8690
Guam,GUM,"GNI per capita, PPP (current international $)",NY.GNP.PCAP.PP.CD,,,,,,,,,,,,,,,,,,,,,,,,,,,,,,,,,,,,,,,,,,,,,,,,,,,,,,,,,,,,,
Guyana,GUY,"GNI per capita, PPP (current international $)",NY.GNP.PCAP.PP.CD,,,,,,,,,,,,,,,,,,,,,,,,,,,,,,,2720,2820,3230,3700,4160,4480,5060,5440,5480,5710,5870,6120,6280,6400,6720,6830,7240,8190,8470,8850,9350,9960,10540,11100,11020,11260,11290,11980,12700,13510,16600
High income,HIC,"GNI per capita, PPP (current international $)",NY.GNP.PCAP.PP.CD,,,,,,,,,,,,,,,,,,,,,,,,,,,,,,,18281.67812,19105.77997,19873.26228,20451.0746,21436.35897,22331.0292,23354.98382,24481.15119,25385.62941,26408.25028,28144.38785,29066.85059,29905.31973,30904.7849,32681.32307,34334.68736,36681.83893,38276.25467,39068.17909,38103.62205,39741.23834,41480.52697,42769.1928,44110.93987,45360.09138,46022.66789,47188.48893,49189.55222,51193.94607,52795.33077,51113.82122
"Hong Kong SAR, China",HKG,"GNI per capita, PPP (current international $)",NY.GNP.PCAP.PP.CD,,,,,,,,,,,,,,,,,,,,,,,,,,,,,,,17750,19130,20590,22910,24180,24940,24890,26620,25630,26420,28480,29490,29820,31960,35250,38260,42680,46640,49530,47250,50230,53710,52990,54710,55910,57450,58660,62450,65500,65240,62480
Honduras,HND,"GNI per capita, PPP (current international $)",NY.GNP.PCAP.PP.CD,,,,,,,,,,,,,,,,,,,,,,,,,,,,,,,1930,1870,1960,2120,2110,2220,2240,2340,2400,2370,2510,2560,2620,2700,2850,3060,3280,3550,3700,3600,3600,3720,3750,3850,4090,4490,4790,5220,5360,5520,5050
Heavily indebted poor countries (HIPC),HPC,"GNI per capita, PPP (current international $)",NY.GNP.PCAP.PP.CD,,,,,,,,,,,,,,,,,,,,,,,,,,,,,,,1014.472453,1025.491572,1027.522737,1048.63241,1049.801204,1092.044813,1117.322491,1164.678733,1190.190696,1212.307353,1238.533188,1281.67522,1312.701456,1358.395983,1434.035872,1525.256416,1624.232599,1714.069665,1798.155231,1832.641949,1892.203631,1957.224971,1952.335483,2074.318535,2254.770636,2306.491477,2396.997777,2461.077267,2551.894281,2641.954435,2611.187688
Croatia,HRV,"GNI per capita, PPP (current international $)",NY.GNP.PCAP.PP.CD,,,,,,,,,,,,,,,,,,,,,,,,,,,,,,,,,,,,8040,8770,9540,9840,9750,10490,11420,12550,13210,14410,15070,17120,19020,20240,19420,19310,20340,20680,21640,21860,23160,24470,26760,28540,30530,29240
Haiti,HTI,"GNI per capita, PPP (current international $)",NY.GNP.PCAP.PP.CD,,,,,,,,,,,,,,,,,,,,,,,,,,,,,,,2140,2210,2100,1990,1760,1950,2030,2080,2110,2160,2190,2190,2210,2290,2280,2380,2470,2610,2690,2830,2660,2810,2770,2960,2980,2910,3090,3170,3250,3210,3100
Hungary,HUN,"GNI per capita, PPP (current international $)",NY.GNP.PCAP.PP.CD,,,,,,,,,,,,,,,,,,,,,,,,,,,,,,,,,,8190,8590,8780,8910,9220,9750,10170,11170,12450,13700,14600,15270,16040,17230,17630,19360,19840,20740,21920,22290,23840,24540,25520,27190,28310,30620,33070,32360
IBRD only,IBD,"GNI per capita, PPP (current international $)",NY.GNP.PCAP.PP.CD,,,,,,,,,,,,,,,,,,,,,,,,,,,,,,,2851.006811,2970.903786,3057.984143,3189.728224,3321.921163,3483.624109,3687.02109,3888.561325,3909.241815,4060.020134,4355.190521,4576.631885,4806.76639,5123.879498,5611.419227,6131.01041,6871.106514,7623.448781,8244.765598,8476.870177,9126.453671,9812.365648,10430.8069,10892.1906,11245.16562,11329.71833,11710.49052,12339.76679,13106.09527,13714.22879,13469.6755
IDA & IBRD total,IBT,"GNI per capita, PPP (current international $)",NY.GNP.PCAP.PP.CD,,,,,,,,,,,,,,,,,,,,,,,,,,,,,,,2539.598687,2639.964136,2712.890963,2816.587654,2921.787912,3056.092386,3223.09822,3386.645386,3403.959077,3526.853933,3762.357373,3946.746161,4135.571782,4393.37844,4794.358343,5220.502845,5823.718145,6425.486965,6917.861465,7097.993611,7607.343115,8142.104877,8615.790014,8985.213756,9280.993409,9344.805355,9631.184879,10108.47771,10698.31415,11159.21348,10940.61008
IDA total,IDA,"GNI per capita, PPP (current international $)",NY.GNP.PCAP.PP.CD,,,,,,,,,,,,,,,,,,,,,,,,,,,,,,,1246.597509,1280.509251,1312.423213,1319.495867,1334.726171,1380.74051,1426.666343,1465.821085,1493.702113,1535.072996,1574.14889,1651.646207,1721.550626,1799.676129,1930.627001,2070.486286,2246.834737,2387.305686,2503.332409,2571.07705,2685.539304,2798.709483,2878.382171,3027.865723,3220.32564,3297.552383,3377.748386,3484.893149,3648.607164,3785.35987,3750.944311
IDA blend,IDB,"GNI per capita, PPP (current international $)",NY.GNP.PCAP.PP.CD,,,,,,,,,,,,,,,,,,,,,,,,,,,,,,,1907.366653,1968.480159,2043.975847,2013.2366,2038.893422,2088.317506,2170.858257,2198.750273,2219.503338,2276.605323,2301.219761,2418.940913,2544.971495,2664.011331,2881.412565,3080.663417,3365.423137,3541.708149,3673.980617,3759.577692,3923.746139,4093.143999,4177.150474,4332.758473,4564.738511,4638.539271,4651.260693,4749.66632,4920.882883,5015.589308,4891.903266
Indonesia,IDN,"GNI per capita, PPP (current international $)",NY.GNP.PCAP.PP.CD,,,,,,,,,,,,,,,,,,,,,,,,,,,,,,,2930,3190,3410,3700,4040,4390,4760,4980,4200,4140,4430,4770,5040,5260,5550,5950,6420,6930,7440,7740,8280,8840,9440,9770,9930,9910,10160,10590,11300,11940,11740
IDA only,IDX,"GNI per capita, PPP (current international $)",NY.GNP.PCAP.PP.CD,,,,,,,,,,,,,,,,,,,,,,,,,,,,,,,913.1233107,933.1536315,943.1777665,971.7271415,981.9608849,1027.124605,1054.34346,1099.59836,1131.195715,1164.642785,1211.807324,1269.443022,1311.271365,1369.510648,1457.386706,1568.226386,1690.177927,1813.380757,1921.761408,1980.184794,2068.63467,2152.286112,2228.955342,2374.694224,2547.307146,2626.234964,2742.387714,2855.030265,3016.505775,3177.11998,3189.81458
Isle of Man,IMN,"GNI per capita, PPP (current international $)",NY.GNP.PCAP.PP.CD,,,,,,,,,,,,,,,,,,,,,,,,,,,,,,,,,,,,,,,,,,,,,,,,,,,,,,,,,,,,,
India,IND,"GNI per capita, PPP (current international $)",NY.GNP.PCAP.PP.CD,,,,,,,,,,,,,,,,,,,,,,,,,,,,,,,1190,1210,1280,1350,1440,1560,1670,1740,1840,1990,2070,2190,2270,2450,2680,2930,3210,3510,3630,3890,4190,4450,4800,4990,5170,5400,5720,6120,6600,6930,6440
Not classified,INX,"GNI per capita, PPP (current international $)",NY.GNP.PCAP.PP.CD,,,,,,,,,,,,,,,,,,,,,,,,,,,,,,,,,,,,,,,,,,,,,,,,,,,,,,,,,,,,,
Ireland,IRL,"GNI per capita, PPP (current international $)",NY.GNP.PCAP.PP.CD,,,,,,,,,,,,,,,,,,,,,,,,,,,,,,,12750,13410,13900,14600,15780,17280,18780,20440,22480,23590,26340,27830,29530,31250,33410,35050,38740,40390,38230,34670,36210,36590,37390,40340,43140,53060,58240,61730,65570,69500,72470
"Iran, Islamic Rep.",IRN,"GNI per capita, PPP (current international $)",NY.GNP.PCAP.PP.CD,,,,,,,,,,,,,,,,,,,,,,,,,,,,,,,7190,8190,8440,8590,8480,8730,9230,9330,9530,9670,10320,10510,11320,12360,13050,13720,14710,16190,16380,16430,17390,18010,16060,15380,15280,13620,14050,14560,13870,12920,13300
Iraq,IRQ,"GNI per capita, PPP (current international $)",NY.GNP.PCAP.PP.CD,,,,,,,,,,,,,,,,,,,,,,,,,,,,,,,,2640,3490,4570,4700,4750,5210,6150,8130,9370,10990,11080,9930,6350,9750,9070,10070,10580,12200,12460,12860,13500,15240,15470,13810,9680,9340,10450,10730,11340,9400
Iceland,ISL,"GNI per capita, PPP (current international $)",NY.GNP.PCAP.PP.CD,,,,,,,,,,,,,,,,,,,,,,,,,,,,,,,,,,,,23510,24490,26450,28150,28980,28680,30820,32660,32410,34330,35470,36290,38740,34050,33610,32190,34550,36690,42100,43500,46470,50990,53920,55340,59590,53590
Israel,ISR,"GNI per capita, PPP (current international $)",NY.GNP.PCAP.PP.CD,,,,,,,,,,,,,,,,,,,,,,,,,,,,,,,,,,,,19420,20140,20690,21320,21620,23400,23890,24310,22970,24490,24640,25600,27480,26980,26900,28370,30220,31030,33630,34160,35170,37500,38920,40660,42060,41960
Italy,ITA,"GNI per capita, PPP (current international $)",NY.GNP.PCAP.PP.CD,,,,,,,,,,,,,,,,,,,,,,,,,,,,,,,18360,19230,19780,20100,20940,22070,22780,23760,24880,25550,26980,27960,28610,29030,29480,30180,32540,34130,35200,34610,35110,36510,36440,36250,36200,36640,40040,41810,43600,45340,42400
Jamaica,JAM,"GNI per capita, PPP (current international $)",NY.GNP.PCAP.PP.CD,,,,,,,,,,,,,,,,,,,,,,,,,,,,,,,4300,4580,4860,5670,5640,5890,6090,6040,5900,5980,6110,6220,6300,6630,6880,7100,7550,7830,7960,7530,7600,7870,8080,8250,8360,8520,8810,9330,9590,9910,8930
Jordan,JOR,"GNI per capita, PPP (current international $)",NY.GNP.PCAP.PP.CD,,,,,,,,,,,,,,,,,,,,,,,,,,,,,,,4160,4000,4510,4620,4740,4990,5020,5230,5410,5560,6010,6380,6660,6950,7630,8260,8880,9480,9740,9780,9390,9320,9080,9230,9080,9360,9370,9950,10210,10500,10320
Japan,JPN,"GNI per capita, PPP (current international $)",NY.GNP.PCAP.PP.CD,,,,,,,,,,,,,,,,,,,,,,,,,,,,,,,19720,20990,21600,21930,22550,23610,24800,25470,25380,25630,27220,27890,28560,29380,30920,32350,33960,35540,35710,34010,35890,36790,38190,40280,40590,41940,41310,42430,43220,43760,42460
Kazakhstan,KAZ,"GNI per capita, PPP (current international $)",NY.GNP.PCAP.PP.CD,,,,,,,,,,,,,,,,,,,,,,,,,,,,,,,,,,6820,6160,5880,6090,6380,6440,6640,7250,8540,9620,10540,11650,12580,13910,15240,15360,16030,16710,17790,19050,21900,22190,21760,21490,22160,22940,24040,24400
Kenya,KEN,"GNI per capita, PPP (current international $)",NY.GNP.PCAP.PP.CD,,,,,,,,,,,,,,,,,,,,,,,,,,,,,,,1630,1650,1620,1600,1630,1710,1770,1770,1800,1810,1820,1870,1860,1900,2000,2140,2280,2430,2420,2140,2290,2440,2520,2740,2980,3320,3880,4130,4380,4570,4500
Kyrgyz Republic,KGZ,"GNI per capita, PPP (current international $)",NY.GNP.PCAP.PP.CD,,,,,,,,,,,,,,,,,,,,,,,,,,,,,,,,2380,2080,1790,1440,1370,1470,1600,1610,1650,1750,1910,1930,2090,2230,2300,2460,2730,2910,2980,2890,2950,3530,3810,4100,4050,4440,4800,5100,5000,4750
Cambodia,KHM,"GNI per capita, PPP (current international $)",NY.GNP.PCAP.PP.CD,,,,,,,,,,,,,,,,,,,,,,,,,,,,,,,,,,,,780,810,840,860,950,1040,1120,1180,1290,1440,1640,1850,2080,2220,2200,2320,2490,2720,2920,3020,3180,3450,3680,3970,4310,4250
Kiribati,KIR,"GNI per capita, PPP (current international $)",NY.GNP.PCAP.PP.CD,,,,,,,,,,,,,,,,,,,,,,,,,,,,,,,1530,2050,2110,2060,2100,2230,1950,2360,2650,2400,2570,2710,2600,2500,2400,2470,2470,2570,2560,2410,2510,2430,2780,3160,3610,4340,3930,4280,4290,4860,4260
St. Kitts and Nevis,KNA,"GNI per capita, PPP (current international $)",NY.GNP.PCAP.PP.CD,,,,,,,,,,,,,,,,,,,,,,,,,,,,,,,9150,9140,9530,10300,10960,11790,12420,13300,13050,13480,15080,15970,16170,15390,16520,18730,20000,20590,22070,21160,21250,21950,20850,21770,22180,22240,24390,25740,26940,28600,26180
"Korea, Rep.",KOR,"GNI per capita, PPP (current international $)",NY.GNP.PCAP.PP.CD,,,,,,,,,,,,,,,,,,,,,,,,,,,,,,,8340,9460,10170,11010,12150,13450,14640,15630,14780,16620,18420,19580,21320,22010,23720,25010,26800,28980,29950,29480,31800,32750,33910,34460,35500,38020,39720,41120,42660,43220,43650
Kuwait,KWT,"GNI per capita, PPP (current international $)",NY.GNP.PCAP.PP.CD,,,,,,,,,,,,,,,,,,,,,,,,,,,,,,,,,,,,70640,70530,72520,72150,64330,66160,63800,62670,72850,83510,92860,100160,101360,96660,84620,80000,82740,87030,84000,76820,52460,49900,58770,58550,58930,
Latin America & Caribbean (excluding high income),LAC,"GNI per capita, PPP (current international $)",NY.GNP.PCAP.PP.CD,,,,,,,,,,,,,,,,,,,,,,,,,,,,,,,5882.812448,6193.177545,6396.150234,6579.887871,6995.235681,7052.540662,7306.71469,7687.699911,7797.245452,7798.042207,8215.715901,8300.133291,8371.094119,8625.862104,9151.307891,9690.959081,10561.08125,11321.07321,11943.44229,11776.30118,12515.10724,13358.6193,13622.78872,14121.8239,14429.41535,14247.82835,14440.33674,15028.24737,15381.80001,15665.71354,14693.55876
Lao PDR,LAO,"GNI per capita, PPP (current international $)",NY.GNP.PCAP.PP.CD,,,,,,,,,,,,,,,,,,,,,,,,,,,,,,,1030,1070,1130,1190,1280,1370,1460,1520,1560,1700,1760,1870,1990,2070,2270,2510,2670,2970,3170,3440,3580,3870,4550,5000,5610,5890,6550,6870,7410,7730,7800
Lebanon,LBN,"GNI per capita, PPP (current international $)",NY.GNP.PCAP.PP.CD,,,,,,,,,,,,,,,,,,,,,,,,,,,,,,,4680,5810,6700,7060,7530,7950,8700,8750,8980,8970,9120,9110,8750,7670,9300,9860,10350,11870,13010,14010,14760,14580,14750,14880,14870,14940,15290,15980,15960,15000,11840
Liberia,LBR,"GNI per capita, PPP (current international $)",NY.GNP.PCAP.PP.CD,,,,,,,,,,,,,,,,,,,,,,,,,,,,,,,,,,,,,,,,,880,830,850,580,610,660,740,820,880,910,930,1040,1090,1260,1270,1200,1310,1420,1380,1370,1300
Libya,LBY,"GNI per capita, PPP (current international $)",NY.GNP.PCAP.PP.CD,,,,,,,,,,,,,,,,,,,,,,,,,,,,,,,,,,,,,,,,,,,17880,20410,20960,23840,26360,28240,29030,28690,29880,11500,23710,19740,14510,12740,11430,13690,15650,16270,11480
St. Lucia,LCA,"GNI per capita, PPP (current international $)",NY.GNP.PCAP.PP.CD,,,,,,,,,,,,,,,,,,,,,,,,,,,,,,,6120,6250,6890,6940,7140,7290,7590,7550,7990,8250,8330,8030,8230,8600,9290,9450,11120,11360,12000,11810,12080,13090,12770,13180,12920,12410,13420,14130,14800,14990,11960
Latin America & Caribbean,LCN,"GNI per capita, PPP (current international $)",NY.GNP.PCAP.PP.CD,,,,,,,,,,,,,,,,,,,,,,,,,,,,,,,5968.186537,6315.2424,6546.995207,6737.539074,7115.809348,7222.701272,7479.10562,7881.728072,7998.296584,7980.978569,8402.446458,8512.397718,8527.75585,8733.044877,9337.648824,9934.938315,10877.37211,11694.8639,12305.07575,12103.88786,12808.86597,13661.14515,13950.16343,14458.22514,14774.96353,14613.6528,14842.17573,15448.18761,15816.35969,16160.05225,15181.54726
Least developed countries: UN classification,LDC,"GNI per capita, PPP (current international $)",NY.GNP.PCAP.PP.CD,,,,,,,,,,,,,,,,,,,,,,,,,,,,,,,872.8966815,903.7572795,880.0184802,910.0306208,920.4161267,989.1283326,1037.73907,1088.570886,1117.583256,1144.730977,1197.617358,1258.548248,1312.880475,1372.363461,1463.598905,1581.309156,1712.551081,1852.100274,1965.154037,2033.808449,2123.77456,2207.695601,2284.410785,2387.911817,2535.553569,2590.360703,2704.001189,2813.339428,2952.010778,3095.179944,3090.216267
Low income,LIC,"GNI per capita, PPP (current international $)",NY.GNP.PCAP.PP.CD,,,,,,,,,,,,,,,,,,,,,,,,,,,,,,,708.536211,720.2624518,732.311192,763.0186379,774.4440401,806.6129282,851.3053132,890.0451291,911.997727,923.441339,953.607056,999.4704568,1022.713365,1058.747112,1120.38403,1193.772013,1275.208417,1358.06897,1416.65274,1442.279662,1502.247877,1518.951822,1472.416616,1528.062821,1659.885069,1723.082174,1834.75062,1880.387022,1939.173974,2007.393414,1984.534541
Liechtenstein,LIE,"GNI per capita, PPP (current international $)",NY.GNP.PCAP.PP.CD,,,,,,,,,,,,,,,,,,,,,,,,,,,,,,,,,,,,,,,,,,,,,,,,,,,,,,,,,,,,,
Sri Lanka,LKA,"GNI per capita, PPP (current international $)",NY.GNP.PCAP.PP.CD,,,,,,,,,,,,,,,,,,,,,,,,,,,,,,,2290,2450,2600,2820,2990,3180,3340,3600,3780,3970,4270,4270,4480,4820,5170,5610,6170,6730,7140,7470,8110,8920,10130,10600,11000,11270,11900,12250,12810,13230,12860
Lower middle income,LMC,"GNI per capita, PPP (current international $)",NY.GNP.PCAP.PP.CD,,,,,,,,,,,,,,,,,,,,,,,,,,,,,,,1992.718153,2067.251623,2118.897974,2160.406544,2220.764994,2334.590543,2463.020482,2548.880578,2559.96581,2658.898499,2775.925188,2923.454772,3058.566818,3256.801837,3502.875253,3773.043668,4095.284767,4435.855407,4632.005708,4798.535544,5091.998866,5362.395999,5656.582966,5862.178318,6025.986509,6128.725051,6349.950921,6650.55952,7040.136377,7325.587278,7051.233055
Low & middle income,LMY,"GNI per capita, PPP (current international $)",NY.GNP.PCAP.PP.CD,,,,,,,,,,,,,,,,,,,,,,,,,,,,,,,2457.508955,2554.011679,2621.393044,2721.209594,2823.126385,2948.731438,3110.47816,3265.398831,3277.694077,3402.157542,3632.62133,3813.150805,4004.666318,4266.670456,4656.009109,5072.253804,5659.016733,6245.782759,6728.052954,6913.08927,7415.844293,7938.481564,8406.878558,8770.055768,9061.665319,9117.898533,9394.478338,9860.238258,10439.64764,10883.97349,10669.05664
Lesotho,LSO,"GNI per capita, PPP (current international $)",NY.GNP.PCAP.PP.CD,,,,,,,,,,,,,,,,,,,,,,,,,,,,,,,1300,1350,1370,1360,1420,1430,1510,1550,1520,1560,1600,1920,1970,2090,2100,2130,2210,2640,2760,2670,2770,2740,2700,2940,3120,3440,3400,3030,3050,3060,2730
Late-demographic dividend,LTE,"GNI per capita, PPP (current international $)",NY.GNP.PCAP.PP.CD,,,,,,,,,,,,,,,,,,,,,,,,,,,,,,,2790.68836,2900.570877,2968.797033,3157.746299,3348.842091,3561.727563,3767.637123,3989.842089,4074.796846,4275.972956,4666.916471,4975.189426,5332.316392,5791.699774,6408.68201,7090.620825,8097.750764,9135.762529,10069.23723,10423.55979,11296.93684,12320.28696,13183.01639,13877.78105,14426.64339,14410.55921,14848.70559,15688.98134,16825.93514,17816.12584,17898.99244
Lithuania,LTU,"GNI per capita, PPP (current international $)",NY.GNP.PCAP.PP.CD,,,,,,,,,,,,,,,,,,,,,,,,,,,,,,,,,,,,5910,6300,6930,7590,7630,8300,9310,10370,11760,12710,14270,16130,18330,20070,18540,19980,22220,23930,26130,27850,27790,29820,32540,35240,37450,38060
Luxembourg,LUX,"GNI per capita, PPP (current international $)",NY.GNP.PCAP.PP.CD,,,,,,,,,,,,,,,,,,,,,,,,,,,,,,,28550,31880,32580,33650,33910,37260,38540,41040,41490,45980,48780,50010,49410,48690,58330,62650,63080,72270,71210,55450,61460,65490,74230,72410,76490,69410,75120,82300,83010,79060,83690
Latvia,LVA,"GNI per capita, PPP (current international $)",NY.GNP.PCAP.PP.CD,,,,,,,,,,,,,,,,,,,,,,,,,,,,,,,,,,,,5540,5830,6530,7110,7340,8030,9080,10100,11000,12020,13770,15440,17670,19320,18220,17900,19230,21140,22590,23850,24860,26680,28600,30310,31760,32200
"Macao SAR, China",MAC,"GNI per capita, PPP (current international $)",NY.GNP.PCAP.PP.CD,,,,,,,,,,,,,,,,,,,,,,,,,,,,,,,27370,28550,32370,33860,35200,35940,35050,34770,32620,30970,31980,35650,38330,41910,51380,55240,60400,76400,70570,71770,87830,103410,112800,127480,128420,103880,103590,112280,119940,117450,
St. Martin (French part),MAF,"GNI per capita, PPP (current international $)",NY.GNP.PCAP.PP.CD,,,,,,,,,,,,,,,,,,,,,,,,,,,,,,,,,,,,,,,,,,,,,,,,,,,,,,,,,,,,,
Morocco,MAR,"GNI per capita, PPP (current international $)",NY.GNP.PCAP.PP.CD,,,,,,,,,,,,,,,,,,,,,,,,,,,,,,,2480,2690,2650,2640,2940,2790,3170,3130,3370,3410,3510,3810,3950,4220,4510,4770,5220,5500,5870,6020,6240,6600,6570,6820,6450,6890,6980,7170,7480,7700,7190
Monaco,MCO,"GNI per capita, PPP (current international $)",NY.GNP.PCAP.PP.CD,,,,,,,,,,,,,,,,,,,,,,,,,,,,,,,,,,,,,,,,,,,,,,,,,,,,,,,,,,,,,
Moldova,MDA,"GNI per capita, PPP (current international $)",NY.GNP.PCAP.PP.CD,,,,,,,,,,,,,,,,,,,,,,,,,,,,,,,,,,,,,3160,3280,3050,3030,3240,3600,4040,4470,5030,5590,5950,6170,6830,6230,6860,7390,8050,9170,9590,9790,11200,12320,13270,14280,13510
Madagascar,MDG,"GNI per capita, PPP (current international $)",NY.GNP.PCAP.PP.CD,,,,,,,,,,,,,,,,,,,,,,,,,,,,,,,1160,1080,1100,1120,1100,1110,1130,1160,1180,1220,1270,1340,1150,1250,1320,1370,1440,1550,1640,1530,1510,1530,1490,1490,1520,1500,1550,1540,1590,1630,1500
Maldives,MDV,"GNI per capita, PPP (current international $)",NY.GNP.PCAP.PP.CD,,,,,,,,,,,,,,,,,,,,,,,,,,,,,,,,,,,,5870,6340,6830,7310,7720,8060,7880,8380,9350,9970,8700,11040,10410,11690,10800,11180,12100,12400,13140,14460,15410,16010,16630,17460,18310,12420
Middle East & North Africa,MEA,"GNI per capita, PPP (current international $)",NY.GNP.PCAP.PP.CD,,,,,,,,,,,,,,,,,,,,,,,,,,,,,,,7742.000663,8503.335837,8912.905146,9142.44438,9198.618002,9374.206855,9717.249572,9987.750968,10486.74702,10584.08138,11280.08612,11507.97676,11552.73383,12068.49747,13169.04336,13868.94571,14891.31684,15823.51804,16475.19564,16293.00437,16846.01024,17405.33031,18015.42294,17927.56793,17623.18606,15909.4765,15605.00505,16212.66684,16465.90423,16584.67093,16001.91354
Mexico,MEX,"GNI per capita, PPP (current international $)",NY.GNP.PCAP.PP.CD,,,,,,,,,,,,,,,,,,,,,,,,,,,,,,,7870,8370,8750,8360,8800,8170,8770,9460,9910,10220,10850,10920,10990,11280,11910,12390,13600,14050,14710,14310,15080,16260,16830,16870,17610,17830,18810,19210,19710,19860,18150
Marshall Islands,MHL,"GNI per capita, PPP (current international $)",NY.GNP.PCAP.PP.CD,,,,,,,,,,,,,,,,,,,,,,,,,,,,,,,,,,,,3420,2990,2880,3000,3070,3180,3400,3430,3380,3440,3680,3650,3880,3580,3770,3910,3950,3730,4070,4270,4710,4640,4770,4990,5190,5060
Middle income,MIC,"GNI per capita, PPP (current international $)",NY.GNP.PCAP.PP.CD,,,,,,,,,,,,,,,,,,,,,,,,,,,,,,,2587.122154,2691.324645,2764.695173,2871.956593,2982.885345,3118.087207,3291.483347,3458.148838,3472.37451,3608.729838,3858.850803,4054.483557,4264.369297,4550.44416,4973.745272,5426.481096,6065.661413,6706.459789,7236.648822,7445.411737,7999.944882,8581.324599,9110.232343,9514.451976,9834.194539,9901.512624,10208.29518,10731.31344,11381.15782,11882.92341,11663.36868
North Macedonia,MKD,"GNI per capita, PPP (current international $)",NY.GNP.PCAP.PP.CD,,,,,,,,,,,,,,,,,,,,,,,,,,,,,,,5460,5330,4990,4780,4840,4900,5020,5150,5370,5620,6040,6010,6320,6510,7120,7710,8640,8900,10390,10940,11210,11480,11660,12430,13180,13450,14540,15080,16020,16910,16360
Mali,MLI,"GNI per capita, PPP (current international $)",NY.GNP.PCAP.PP.CD,,,,,,,,,,,,,,,,,,,,,,,,,,,,,,,800,910,880,900,920,920,980,1020,1080,1130,1120,1240,1240,1370,1390,1480,1540,1580,1640,1650,1720,1760,1700,1750,1860,1990,2130,2170,2270,2330,2250
Malta,MLT,"GNI per capita, PPP (current international $)",NY.GNP.PCAP.PP.CD,,,,,,,,,,,,,,,,,,,,,,,,,,,,,,,9700,10240,10710,11230,11780,12660,13170,13950,14310,15340,17670,18630,19750,20820,21440,21630,22340,23780,26110,25260,27270,28290,28820,30690,32560,35380,36000,38300,41160,43240,38800
Myanmar,MMR,"GNI per capita, PPP (current international $)",NY.GNP.PCAP.PP.CD,,,,,,,,,,,,,,,,,,,,,,,,,,,,,,,400,410,430,470,510,550,590,630,670,730,830,940,1050,1200,1390,1620,1870,2150,2420,2680,2960,3220,3480,3650,3850,3940,3900,4110,4440,4770,4980
Middle East & North Africa (excluding high income),MNA,"GNI per capita, PPP (current international $)",NY.GNP.PCAP.PP.CD,,,,,,,,,,,,,,,,,,,,,,,,,,,,,,,4514.574811,4864.901564,5093.84476,5243.618773,5301.379154,5434.523609,5738.146474,5936.762966,6316.125847,6561.838296,7033.229771,7264.762916,7440.884578,7574.783926,8256.79777,8638.268134,9288.552539,10024.97785,10471.39889,10599.32606,11015.2507,10930.32477,11246.21435,11117.96558,10760.27292,10094.5524,10083.38177,10358.80318,10478.72492,10499.3266,10173.85143
Montenegro,MNE,"GNI per capita, PPP (current international $)",NY.GNP.PCAP.PP.CD,,,,,,,,,,,,,,,,,,,,,,,,,,,,,,,,,,,,,,,,,6310,7110,7500,7760,8240,8410,10620,12590,14020,13060,13550,14590,14100,15160,15580,16690,18360,20090,21800,23610,20870
Mongolia,MNG,"GNI per capita, PPP (current international $)",NY.GNP.PCAP.PP.CD,,,,,,,,,,,,,,,,,,,,,,,,,,,,,,,3290,3100,2790,2700,2840,3070,3200,3350,3510,3640,3710,3880,4080,4390,4940,5310,5910,6540,7090,6860,6970,8180,9440,9950,10160,9760,9850,9770,11160,11570,11190
Northern Mariana Islands,MNP,"GNI per capita, PPP (current international $)",NY.GNP.PCAP.PP.CD,,,,,,,,,,,,,,,,,,,,,,,,,,,,,,,,,,,,,,,,,,,,,,,,,,,,,,,,,,,,,
Mozambique,MOZ,"GNI per capita, PPP (current international $)",NY.GNP.PCAP.PP.CD,,,,,,,,,,,,,,,,,,,,,,,,,,,,,,,,300,270,300,310,310,350,390,420,470,460,510,510,590,640,670,710,780,830,890,930,1000,1030,1080,1130,1270,1330,1250,1290,1310,1250
Mauritania,MRT,"GNI per capita, PPP (current international $)",NY.GNP.PCAP.PP.CD,,,,,,,,,,,,,,,,,,,,,,,,,,,,,,,2550,2620,2660,2790,2690,2950,3250,3090,3140,3230,3070,2940,3100,3280,3420,3700,4210,4140,4120,4100,4040,4120,4140,4350,4130,4080,4610,5040,5290,5500,5320
Mauritius,MUS,"GNI per capita, PPP (current international $)",NY.GNP.PCAP.PP.CD,,,,,,,,,,,,,,,,,,,,,,,,,,,,,,,4900,5290,5700,6040,6290,6650,7040,7520,7970,8210,9000,9490,9720,10330,11030,11520,12500,13780,14600,14990,15560,16340,17570,19240,19920,20860,22390,23540,25460,26790,22370
Malawi,MWI,"GNI per capita, PPP (current international $)",NY.GNP.PCAP.PP.CD,,,,,,,,,,,,,,,,,,,,,,,,,,,,,,,660,720,680,760,690,820,880,910,930,940,960,910,910,960,1010,1050,1110,1220,1300,1370,1430,1490,1440,1540,1500,1410,1450,1440,1480,1560,1550
Malaysia,MYS,"GNI per capita, PPP (current international $)",NY.GNP.PCAP.PP.CD,,,,,,,,,,,,,,,,,,,,,,,,,,,,,,,6520,7130,7720,8520,9260,10150,11080,11710,10690,11050,11870,12030,12720,13600,14650,15730,17040,18390,19110,18810,19860,21190,22140,22690,23790,24130,24840,25910,27360,28850,27350
North America,NAC,"GNI per capita, PPP (current international $)",NY.GNP.PCAP.PP.CD,,,,,,,,,,,,,,,,,,,,,,,,,,,,,,,23098.60187,23545.20389,24516.07609,25321.97518,26638.21014,27811.96687,29203.87134,30809.4285,32361.8663,33961.95437,35998.41133,36893.4751,37618.39072,38955.30424,41197.20805,43675.75062,46197.75117,47388.11681,47554.97708,46160.76622,48089.78012,49881.57283,51977.21941,53311.65973,55505.95336,56762.35962,57573.78522,59828.44627,62596.25856,64467.43854,62848.25225
Namibia,NAM,"GNI per capita, PPP (current international $)",NY.GNP.PCAP.PP.CD,,,,,,,,,,,,,,,,,,,,,,,,,,,,,,,3770,4170,4330,4250,4300,4570,4600,4760,4910,4920,5230,5280,5630,6080,6670,6750,7380,7670,7890,7810,8060,8590,8970,9710,10410,10620,10220,9990,9950,9980,9180
New Caledonia,NCL,"GNI per capita, PPP (current international $)",NY.GNP.PCAP.PP.CD,,,,,,,,,,,,,,,,,,,,,,,,,,,,,,,,,,,,,,,,,,,,,,,,,,,,,,,,,,,,,
Niger,NER,"GNI per capita, PPP (current international $)",NY.GNP.PCAP.PP.CD,,,,,,,,,,,,,,,,,,,,,,,,,,,,,,,770,770,770,770,770,780,780,780,850,830,810,860,890,890,890,950,1000,1020,1070,1060,1120,1140,1200,1170,1190,1200,1190,1210,1290,1330,1230
Nigeria,NGA,"GNI per capita, PPP (current international $)",NY.GNP.PCAP.PP.CD,,,,,,,,,,,,,,,,,,,,,,,,,,,,,,,1940,1970,2030,1930,1920,1960,2040,2090,2090,2140,2090,2290,2590,2730,2990,3180,3610,3750,3970,4180,4450,4650,4740,4970,5320,5280,5120,5030,5040,5180,5000
Nicaragua,NIC,"GNI per capita, PPP (current international $)",NY.GNP.PCAP.PP.CD,,,,,,,,,,,,,,,,,,,,,,,,,,,,,,,1960,1790,1750,1770,1810,1990,2150,2270,2390,2550,2670,2750,2800,2890,3090,3310,3480,3720,3870,3710,3870,4150,4250,4390,4760,5090,5420,5690,5570,5470,5410
Netherlands,NLD,"GNI per capita, PPP (current international $)",NY.GNP.PCAP.PP.CD,,,,,,,,,,,,,,,,,,,,,,,,,,,,,,,19000,20040,20610,21370,22490,23750,24870,26260,27630,29670,32460,33040,34350,34480,35980,37110,41280,43870,45120,44160,45210,47250,48080,49910,49110,50330,51520,55510,58560,59920,58300
Norway,NOR,"GNI per capita, PPP (current international $)",NY.GNP.PCAP.PP.CD,,,,,,,,,,,,,,,,,,,,,,,,,,,,,,,17900,18920,20140,21040,22590,24010,26460,28300,27860,30290,36450,37800,38080,38770,42600,48320,54130,55690,61440,55720,58590,62670,65910,67670,67980,62880,61520,66400,72330,70330,66110
Nepal,NPL,"GNI per capita, PPP (current international $)",NY.GNP.PCAP.PP.CD,,,,,,,,,,,,,,,,,,,,,,,,,,,,,,,860,920,960,990,1060,1100,1150,1200,1220,1270,1360,1430,1430,1490,1580,1670,1770,1860,1990,2080,2190,2300,2520,2720,2990,3040,3030,3600,3890,4160,4050
Nauru,NRU,"GNI per capita, PPP (current international $)",NY.GNP.PCAP.PP.CD,,,,,,,,,,,,,,,,,,,,,,,,,,,,,,,,,,,,,,,,,,,,,,,,4930,5500,6310,7200,8150,9110,12350,15420,17990,18580,18170,18730,20740,20450
New Zealand,NZL,"GNI per capita, PPP (current international $)",NY.GNP.PCAP.PP.CD,,,,,,,,,,,,,,,,,,,,,,,,,,,,,,,14240,13580,13950,14810,15930,16780,17090,17990,18460,19350,20290,21360,22130,22820,23670,24020,25880,27260,27660,29440,29690,31220,31620,34810,35790,36240,38670,40700,42360,43950,42770
OECD members,OED,"GNI per capita, PPP (current international $)",NY.GNP.PCAP.PP.CD,,,,,,,,,,,,,,,,,,,,,,,,,,,,,,,16412.55575,17066.12266,17698.94621,18154.68563,18980.11233,19719.39756,20653.9622,21671.94305,22307.81592,23177.29336,24681.90623,25446.94624,26180.48634,26923.8449,28401.32769,29792.92107,31853.18851,33207.08837,33927.42436,33102.50298,34544.6443,36059.62972,37172.87186,38418.32785,39630.93498,40656.21503,41898.89776,43581.90652,45272.83587,46567.1233,45009.18883
Oman,OMN,"GNI per capita, PPP (current international $)",NY.GNP.PCAP.PP.CD,,,,,,,,,,,,,,,,,,,,,,,,,,,,,,,22410,23760,24750,25740,26300,27590,28440,30450,31520,31820,34440,36110,35700,35460,36330,36740,39420,41010,42530,42800,41540,40780,41890,40350,36570,30100,28000,27770,27200,26240,
Other small states,OSS,"GNI per capita, PPP (current international $)",NY.GNP.PCAP.PP.CD,,,,,,,,,,,,,,,,,,,,,,,,,,,,,,,,,,,,,,,,,10570.13827,11183.66741,11667.25202,12259.74512,13162.43681,13928.25953,16291.45537,18103.53013,19517.16157,19244.87089,20549.723,22518.75099,23966.06248,24478.46793,24390.1719,21171.0562,20724.04303,22162.46296,22567.77142,22996.57258,21635.60523
Pakistan,PAK,"GNI per capita, PPP (current international $)",NY.GNP.PCAP.PP.CD,,,,,,,,,,,,,,,,,,,,,,,,,,,,,,,1890,1990,2130,2150,2220,2310,2400,2390,2400,2470,2560,2630,2670,2830,3060,3290,3510,3680,3730,3770,3820,3940,3960,4040,4170,4300,4330,4500,4770,4800,4710
Panama,PAN,"GNI per capita, PPP (current international $)",NY.GNP.PCAP.PP.CD,,,,,,,,,,,,,,,,,,,,,,,,,,,,,,,4840,5240,5750,6190,6430,6380,6790,7120,7510,7660,7990,8040,8410,8420,9040,9780,10740,12300,13510,13640,13960,15990,17410,19480,20900,23700,25840,28610,29560,30570,25940
Peru,PER,"GNI per capita, PPP (current international $)",NY.GNP.PCAP.PP.CD,,,,,,,,,,,,,,,,,,,,,,,,,,,,,,,3150,3390,3370,3540,3970,4260,4430,4730,4730,4790,4930,5040,5310,5520,5780,6200,6680,7410,8250,8390,9020,9700,10090,10710,10990,11180,11520,11930,12430,12820,11510
Philippines,PHL,"GNI per capita, PPP (current international $)",NY.GNP.PCAP.PP.CD,,,,,,,,,,,,,,,,,,,,,,,,,,,,,,,2610,2650,2690,2760,2910,3040,3230,3430,3660,3730,3760,3890,4010,4200,4500,4800,5090,5460,5730,5880,6260,6500,6990,7390,7760,8010,8560,9020,9650,10220,9030
Palau,PLW,"GNI per capita, PPP (current international $)",NY.GNP.PCAP.PP.CD,,,,,,,,,,,,,,,,,,,,,,,,,,,,,,,,,,,,,,,,,11110,12000,12470,11860,12510,13590,14270,15460,15290,14200,14720,16200,16930,16710,17870,19390,19680,18910,19430,19130,16610
Papua New Guinea,PNG,"GNI per capita, PPP (current international $)",NY.GNP.PCAP.PP.CD,,,,,,,,,,,,,,,,,,,,,,,,,,,,,,,1400,1560,1710,2020,2160,2100,2200,2140,2020,2020,2000,1970,1970,1950,2050,2230,2250,2490,2520,2590,2820,2780,3040,3050,3700,3890,4100,4200,4180,4290,4240
Poland,POL,"GNI per capita, PPP (current international $)",NY.GNP.PCAP.PP.CD,,,,,,,,,,,,,,,,,,,,,,,,,,,,,,,5850,5710,5910,6300,6860,7560,8200,8870,9420,9980,10630,11090,11760,12160,12920,13650,14810,16210,17980,18670,20340,22010,22860,23740,24520,25880,27210,28820,30660,32830,33160
Pre-demographic dividend,PRE,"GNI per capita, PPP (current international $)",NY.GNP.PCAP.PP.CD,,,,,,,,,,,,,,,,,,,,,,,,,,,,,,,1379.492452,1409.335024,1411.474059,1437.768606,1440.646513,1508.741665,1562.675141,1662.892542,1771.633776,1850.026239,1926.897206,2012.089053,2066.895695,1977.862935,2246.74522,2342.074342,2573.002347,2706.95826,2878.30971,2937.181274,3051.732629,3163.866676,3258.754269,3377.936381,3519.321669,3350.243048,3367.226011,3432.379444,3488.895666,3588.390057,3411.239816
Puerto Rico,PRI,"GNI per capita, PPP (current international $)",NY.GNP.PCAP.PP.CD,,,,,,,,,,,,,,,,,,,,,,,,,,,,,,,9480,9950,10240,10820,11250,11830,12230,12970,13310,14430,15410,15840,16040,16470,18700,19180,19830,20690,20590,20160,20210,20840,21840,22320,22620,22900,23040,22940,23570,24470,24000
"Korea, Dem. People's Rep.",PRK,"GNI per capita, PPP (current international $)",NY.GNP.PCAP.PP.CD,,,,,,,,,,,,,,,,,,,,,,,,,,,,,,,,,,,,,,,,,,,,,,,,,,,,,,,,,,,,,
Portugal,PRT,"GNI per capita, PPP (current international $)",NY.GNP.PCAP.PP.CD,,,,,,,,,,,,,,,,,,,,,,,,,,,,,,,11740,12730,13230,13270,13580,14480,14970,15760,16640,17660,18580,19200,20050,20620,21190,22420,23950,24960,25770,25590,26410,26340,25810,27560,28150,28870,30840,32270,34080,35990,33550
Paraguay,PRY,"GNI per capita, PPP (current international $)",NY.GNP.PCAP.PP.CD,,,,,,,,,,,,,,,,,,,,,,,,,,,,,,,,,,,,6020,6420,6430,6380,6230,5820,5890,6040,5850,6260,6530,7180,8020,8690,8590,9520,10130,9580,10620,11040,11050,11560,12170,12700,12760,12670
West Bank and Gaza,PSE,"GNI per capita, PPP (current international $)",NY.GNP.PCAP.PP.CD,,,,,,,,,,,,,,,,,,,,,,,,,,,,,,,,,,,2470,2600,2540,2870,3340,3570,3100,2710,2310,2610,3150,3590,3600,3800,4030,4200,4360,4780,5610,5810,6090,6680,7080,7250,7580,7660,6620
Pacific island small states,PSS,"GNI per capita, PPP (current international $)",NY.GNP.PCAP.PP.CD,,,,,,,,,,,,,,,,,,,,,,,,,,,,,,,2865.202154,2899.560258,3080.350299,3171.235502,3321.43336,3522.968508,3654.532833,3612.424651,3653.261653,3871.900577,3980.845414,4002.164009,4140.166186,4206.039229,4459.392011,4660.382575,4677.493987,4821.38766,4905.818127,4883.627609,4962.111984,5163.287356,5349.967289,5753.197887,6329.128489,6724.057005,6855.401579,7070.462881,7422.469973,7455.830504,6697.054683
Post-demographic dividend,PST,"GNI per capita, PPP (current international $)",NY.GNP.PCAP.PP.CD,,,,,,,,,,,,,,,,,,,,,,,,,,,,,,,17842.03751,18536.47953,19168.52103,19637.9217,20529.16349,21371.21183,22336.65685,23418.38055,24290.19534,25349.65544,27035.7752,28013.21396,28904.26518,29825.75016,31501.14779,33086.08265,35338.42731,36866.36923,37607.96186,36665.01697,38232.26333,39780.87859,41017.34355,42431.91433,43670.23822,44715.87364,46055.2697,48026.13479,50061.03988,51643.92023,49909.61704
French Polynesia,PYF,"GNI per capita, PPP (current international $)",NY.GNP.PCAP.PP.CD,,,,,,,,,,,,,,,,,,,,,,,,,,,,,,,,,,,,,,,,,,,,,,,,,,,,,,,,,,,,,
Qatar,QAT,"GNI per capita, PPP (current international $)",NY.GNP.PCAP.PP.CD,,,,,,,,,,,,,,,,,,,,,,,,,,,,,,,,,,,,,,,,,89190,95060,98680,100940,105810,95760,114330,116350,117680,110640,118390,128340,132440,131020,123250,90920,82490,91500,91250,91430,88030
Romania,ROU,"GNI per capita, PPP (current international $)",NY.GNP.PCAP.PP.CD,,,,,,,,,,,,,,,,,,,,,,,,,,,,,,,5250,4790,4490,4660,4960,5380,5680,5510,5480,5530,5810,6490,7090,7380,8610,9320,11160,12990,16410,16430,16790,17670,18540,19490,20560,21380,23950,26760,28710,31860,31450
Russian Federation,RUS,"GNI per capita, PPP (current international $)",NY.GNP.PCAP.PP.CD,,,,,,,,,,,,,,,,,,,,,,,,,,,,,,,8010,7840,6800,6350,5710,5570,5440,5580,5230,5680,6650,7260,7880,8970,10010,11540,14480,16280,19600,18760,19860,22130,23560,25170,24910,23420,23460,25230,27980,28260,27550
Rwanda,RWA,"GNI per capita, PPP (current international $)",NY.GNP.PCAP.PP.CD,,,,,,,,,,,,,,,,,,,,,,,,,,,,,,,550,570,660,660,350,500,550,600,610,600,630,670,750,770,830,930,1020,1100,1210,1270,1340,1440,1470,1520,1670,1770,1830,1910,2060,2240,2160
South Asia,SAS,"GNI per capita, PPP (current international $)",NY.GNP.PCAP.PP.CD,,,,,,,,,,,,,,,,,,,,,,,,,,,,,,,1230.806521,1267.073149,1341.431783,1403.731364,1489.359657,1594.181127,1701.399776,1761.837426,1843.611592,1979.296611,2061.649762,2163.650555,2240.666429,2406.960471,2616.961366,2854.570755,3116.62056,3387.741418,3507.363701,3724.840924,3984.147696,4223.549366,4542.639635,4722.50141,4897.184598,5104.512826,5375.617172,5727.573819,6169.481958,6462.295052,6092.363949
Saudi Arabia,SAU,"GNI per capita, PPP (current international $)",NY.GNP.PCAP.PP.CD,,,,,,,,,,,,,,,,,,,,,,,,,,,,,,,33290,37630,38520,38150,37690,38050,38360,38700,39860,38290,40070,39620,37930,41580,44900,47550,49050,50150,52960,50940,52220,56940,58220,56920,56940,49900,46590,48040,49210,49440,47770
Sudan,SDN,"GNI per capita, PPP (current international $)",NY.GNP.PCAP.PP.CD,,,,,,,,,,,,,,,,,,,,,,,,,,,,,,,1040,1050,1150,1230,1270,1340,1450,1600,1640,1650,1740,1850,1950,2060,2130,2290,2370,2760,2860,2960,3260,3430,3590,3510,4450,4320,4460,4270,4360,4140,3970
Senegal,SEN,"GNI per capita, PPP (current international $)",NY.GNP.PCAP.PP.CD,,,,,,,,,,,,,,,,,,,,,,,,,,,,,,,1510,1560,1580,1580,1560,1650,1690,1730,1810,1900,1970,2060,2030,2140,2250,2360,2430,2500,2580,2580,2630,2630,2690,2700,2780,2910,3000,3110,3300,3410,3420
Singapore,SGP,"GNI per capita, PPP (current international $)",NY.GNP.PCAP.PP.CD,,,,,,,,,,,,,,,,,,,,,,,,,,,,,,,23580,25150,27040,29430,33110,35360,36630,40100,38160,40460,43570,42850,44220,47460,51020,55400,62180,66820,65090,62720,74480,77300,78420,78530,81490,81040,83760,88090,88930,90320,86450
Solomon Islands,SLB,"GNI per capita, PPP (current international $)",NY.GNP.PCAP.PP.CD,,,,,,,,,,,,,,,,,,,,,,,,,,,,,,,1340,1410,1590,1670,1800,1960,1970,1930,1920,1850,1620,1500,1410,1500,1630,1730,1770,1800,1850,1880,2060,2160,2240,2460,2430,2400,2470,2610,2730,2740,2680
Sierra Leone,SLE,"GNI per capita, PPP (current international $)",NY.GNP.PCAP.PP.CD,,,,,,,,,,,,,,,,,,,,,,,,,,,,,,,690,750,600,660,620,630,670,640,630,630,670,620,770,820,860,890,930,1070,1150,1180,1150,1190,1450,1740,1750,1570,1420,1590,1580,1750,1690
El Salvador,SLV,"GNI per capita, PPP (current international $)",NY.GNP.PCAP.PP.CD,,,,,,,,,,,,,,,,,,,,,,,,,,,,,,,2850,2950,3210,3440,3640,3860,3910,4050,4170,4240,4370,4480,4570,4670,4810,5070,5460,5690,5930,5770,5950,6270,6270,6570,6900,7240,7620,7980,8320,8690,7970
San Marino,SMR,"GNI per capita, PPP (current international $)",NY.GNP.PCAP.PP.CD,,,,,,,,,,,,,,,,,,,,,,,,,,,,,,,,,,,,,,,,,,,,,,,,,,,,,,,,,,,,,
Somalia,SOM,"GNI per capita, PPP (current international $)",NY.GNP.PCAP.PP.CD,,,,,,,,,,,,,,,,,,,,,,,,,,,,,,,,,,,,,,,,,,,,,,,,,,,,,,680,730,820,860,860,910,970,980
Serbia,SRB,"GNI per capita, PPP (current international $)",NY.GNP.PCAP.PP.CD,,,,,,,,,,,,,,,,,,,,,,,,,,,,,,,,,,,,,,5720,6000,5540,6020,6490,7200,7590,8410,9070,10070,10870,12280,12360,12540,13220,13480,14060,14100,14240,14990,15540,16830,17920,18780
Sub-Saharan Africa (excluding high income),SSA,"GNI per capita, PPP (current international $)",NY.GNP.PCAP.PP.CD,,,,,,,,,,,,,,,,,,,,,,,,,,,,,,,1693.817953,1726.85451,1684.811481,1682.940819,1698.901789,1774.938959,1832.311716,1896.698362,1909.897007,1935.834952,1965.124367,2051.509001,2157.50893,2227.730506,2371.989462,2531.137534,2744.017341,2887.005136,3004.429881,3041.006129,3151.424979,3270.334704,3283.955958,3446.455273,3651.787161,3662.034305,3707.585842,3746.878074,3826.600246,3911.843314,3788.625176
South Sudan,SSD,"GNI per capita, PPP (current international $)",NY.GNP.PCAP.PP.CD,,,,,,,,,,,,,,,,,,,,,,,,,,,,,,,,,,,,,,,,,,,,,,,,,,,,1630,1460,1980,1280,1080,,,,,
Sub-Saharan Africa,SSF,"GNI per capita, PPP (current international $)",NY.GNP.PCAP.PP.CD,,,,,,,,,,,,,,,,,,,,,,,,,,,,,,,1694.761267,1727.845573,1685.909028,1684.116917,1700.077539,1776.044206,1833.47918,1898.029271,1911.31319,1937.251049,1966.538936,2052.913827,2158.783402,2228.962288,2373.281461,2532.564328,2745.587698,2888.598456,3005.931246,3042.48628,3152.994203,3271.922837,3285.597129,3448.148324,3653.556486,3663.811843,3709.437865,3748.837982,3828.727264,3913.941129,3790.387504
Small states,SST,"GNI per capita, PPP (current international $)",NY.GNP.PCAP.PP.CD,,,,,,,,,,,,,,,,,,,,,,,,,,,,,,,,,,,,,,,,,9795.290702,10308.05634,10770.3498,11362.28466,12206.75734,12912.55533,14885.27369,16400.71655,17554.43536,17261.94366,18320.71124,19805.77173,20958.70386,21466.623,21473.29604,19097.71294,18755.92399,19987.97564,20393.04508,20820.11008,19515.60871
Sao Tome and Principe,STP,"GNI per capita, PPP (current international $)",NY.GNP.PCAP.PP.CD,,,,,,,,,,,,,,,,,,,,,,,,,,,,,,,,,,,,,,,,,,1770,1810,1950,2030,2200,2520,2620,2720,2730,2890,3010,2900,3350,3880,3820,3900,3940,4090,4160,4250
Suriname,SUR,"GNI per capita, PPP (current international $)",NY.GNP.PCAP.PP.CD,,,,,,,,,,,,,,,,,,,,,,,,,,,,,,,6590,6870,6930,6450,6730,6790,6860,7170,7340,7160,7340,7240,8020,8590,9430,10220,10980,11950,12630,12900,13230,13620,15170,16390,17030,17170,14310,16280,17570,17790,14030
Slovak Republic,SVK,"GNI per capita, PPP (current international $)",NY.GNP.PCAP.PP.CD,,,,,,,,,,,,,,,,,,,,,,,,,,,,,,,,,,,,8720,9470,10110,10640,10670,11340,12400,13280,13480,14630,16220,18360,20610,23320,22980,24790,25240,26440,27710,28600,29230,28860,29520,31100,32040,31660
Slovenia,SVN,"GNI per capita, PPP (current international $)",NY.GNP.PCAP.PP.CD,,,,,,,,,,,,,,,,,,,,,,,,,,,,,,,,,,,,13660,14310,15270,16030,17070,17970,18940,20060,20870,22420,23630,25360,26900,28830,27100,27480,28540,28590,29570,30590,30650,33080,35850,38340,40570,39820
Sweden,SWE,"GNI per capita, PPP (current international $)",NY.GNP.PCAP.PP.CD,,,,,,,,,,,,,,,,,,,,,,,,,,,,,,,19880,20040,19890,19710,21120,22410,23240,24150,25330,27430,29650,29960,31010,32320,34020,34710,38660,42080,43610,41250,43400,45520,46470,47350,48180,49500,50720,52850,54570,56950,56630
Eswatini,SWZ,"GNI per capita, PPP (current international $)",NY.GNP.PCAP.PP.CD,,,,,,,,,,,,,,,,,,,,,,,,,,,,,,,3700,3820,3940,3950,3860,4290,4590,4720,4620,4850,4810,5160,5110,5280,5710,6560,6770,7270,7320,7300,7380,7570,7730,8330,8430,8470,8240,7840,8130,8110,7970
Sint Maarten (Dutch part),SXM,"GNI per capita, PPP (current international $)",NY.GNP.PCAP.PP.CD,,,,,,,,,,,,,,,,,,,,,,,,,,,,,,,,,,,,,,,,,,,,,,,,,,31440,32950,36500,32540,32590,38380,37920,38220,37080,35390,,
Seychelles,SYC,"GNI per capita, PPP (current international $)",NY.GNP.PCAP.PP.CD,,,,,,,,,,,,,,,,,,,,,,,,,,,,,,,8640,9120,10030,10660,10680,10330,10970,12460,13220,13320,13540,13840,12820,12930,13940,15590,17200,17880,17210,17380,18350,19500,20350,21200,22430,22610,23720,25220,27530,27700,24140
Syrian Arab Republic,SYR,"GNI per capita, PPP (current international $)",NY.GNP.PCAP.PP.CD,,,,,,,,,,,,,,,,,,,,,,,,,,,,,,,,,,,,,,,,,,,,,,,,,,,,,,,,,,,,,
Turks and Caicos Islands,TCA,"GNI per capita, PPP (current international $)",NY.GNP.PCAP.PP.CD,,,,,,,,,,,,,,,,,,,,,,,,,,,,,,,,,,,,,,,,,,,,,,,,,,,,,,,22070,24140,26420,26620,28010,29620,
Chad,TCD,"GNI per capita, PPP (current international $)",NY.GNP.PCAP.PP.CD,,,,,,,,,,,,,,,,,,,,,,,,,,,,,,,690,760,810,660,730,740,740,760,810,780,760,830,870,840,1120,1310,1300,1370,1350,1570,1760,1750,1690,1500,1600,1760,1630,1570,1590,1620,1470
East Asia & Pacific (IDA & IBRD countries),TEA,"GNI per capita, PPP (current international $)",NY.GNP.PCAP.PP.CD,,,,,,,,,,,,,,,,,,,,,,,,,,,,,,,1433.131332,1572.777671,1748.333424,1954.77113,2183.630758,2393.599096,2621.702566,2816.666485,2827.21386,2997.543411,3259.696276,3526.599407,3835.999341,4209.046251,4666.487463,5208.620229,5910.972551,6758.58482,7427.319673,7942.829618,8728.840183,9547.368268,10377.42494,10905.89417,11485.5379,11753.20818,12265.1762,12964.45195,14001.54724,14998.19225,15189.226
Europe & Central Asia (IDA & IBRD countries),TEC,"GNI per capita, PPP (current international $)",NY.GNP.PCAP.PP.CD,,,,,,,,,,,,,,,,,,,,,,,,,,,,,,,6813.460672,6642.855243,6190.201018,6045.767952,5607.944329,5693.570755,5822.232031,6080.328755,5678.668622,5876.337558,6505.905455,6906.141144,7396.344944,8034.379749,8963.688332,9951.951882,11700.37156,13048.7761,14891.57946,14488.76306,15509.50714,17007.52153,18011.80297,19288.84141,19730.1485,19619.36807,20108.47611,21381.76039,22755.46592,23296.58033,23186.32515
Togo,TGO,"GNI per capita, PPP (current international $)",NY.GNP.PCAP.PP.CD,,,,,,,,,,,,,,,,,,,,,,,,,,,,,,,820,820,790,670,740,810,890,1000,970,960,950,960,990,1050,1040,990,1020,1010,1050,1090,1140,1280,1230,1280,1340,1440,1970,2010,2120,2220,2230
Thailand,THA,"GNI per capita, PPP (current international $)",NY.GNP.PCAP.PP.CD,,,,,,,,,,,,,,,,,,,,,,,,,,,,,,,4250,4710,5110,5650,6170,6730,7120,6930,6330,6700,7160,7430,7890,8500,9190,9800,10610,11470,11800,11760,12640,13190,14190,14420,14680,15010,15840,16640,17630,18530,17710
Tajikistan,TJK,"GNI per capita, PPP (current international $)",NY.GNP.PCAP.PP.CD,,,,,,,,,,,,,,,,,,,,,,,,,,,,,,,2640,2480,1770,1490,1010,1000,800,860,910,940,1000,1100,1240,1360,1540,1960,2250,2540,2780,2640,2880,3180,3510,3980,4090,3730,3600,3730,4050,4330,4500
Turkmenistan,TKM,"GNI per capita, PPP (current international $)",NY.GNP.PCAP.PP.CD,,,,,,,,,,,,,,,,,,,,,,,,,,,,,,,,,,4470,3740,3410,3630,3270,3460,4000,4120,4420,4450,4680,4980,5420,6190,7210,8100,8460,8990,10200,10920,11630,12280,12890,13500,13620,14560,15600,
Latin America & the Caribbean (IDA & IBRD countries),TLA,"GNI per capita, PPP (current international $)",NY.GNP.PCAP.PP.CD,,,,,,,,,,,,,,,,,,,,,,,,,,,,,,,5976.933345,6325.062684,6557.158471,6744.192328,7122.630259,7222.737499,7476.638121,7878.447053,7992.889317,7963.346445,8380.526273,8487.314368,8499.969701,8703.256253,9297.589753,9897.606943,10843.82825,11663.37015,12278.94434,12078.22732,12789.31357,13645.60937,13932.64551,14443.18333,14759.90535,14593.21921,14821.92464,15432.20623,15799.1793,16137.19293,15156.34871
Timor-Leste,TLS,"GNI per capita, PPP (current international $)",NY.GNP.PCAP.PP.CD,,,,,,,,,,,,,,,,,,,,,,,,,,,,,,,,,,,,,,,,,1760,1930,2190,1770,2040,2500,3790,5320,8240,6190,7310,9050,8730,7390,6270,5100,4230,4500,4530,5040,5190
Middle East & North Africa (IDA & IBRD countries),TMN,"GNI per capita, PPP (current international $)",NY.GNP.PCAP.PP.CD,,,,,,,,,,,,,,,,,,,,,,,,,,,,,,,4534.547341,4887.26334,5118.207699,5269.749636,5328.938864,5462.743884,5770.801087,5968.765918,6347.279531,6593.269936,7075.295492,7314.050578,7497.014365,7629.523258,8313.595644,8694.990305,9352.888238,10096.0115,10545.55657,10673.72788,11093.21156,11002.98053,11313.40667,11181.63087,10816.53367,10135.82614,10119.86235,10396.72919,10514.33757,10534.42999,10218.25385
Tonga,TON,"GNI per capita, PPP (current international $)",NY.GNP.PCAP.PP.CD,,,,,,,,,,,,,,,,,,,,,,,,,,,,,,,2280,2490,2530,2670,2960,3160,3280,3370,3540,3670,3700,3860,4150,4240,4250,4300,4480,4560,4840,4670,4760,5190,5380,5520,5680,5830,6230,6720,6960,7180,7260
South Asia (IDA & IBRD),TSA,"GNI per capita, PPP (current international $)",NY.GNP.PCAP.PP.CD,,,,,,,,,,,,,,,,,,,,,,,,,,,,,,,1230.806521,1267.073149,1341.431783,1403.731364,1489.359657,1594.181127,1701.399776,1761.837426,1843.611592,1979.296611,2061.649762,2163.650555,2240.666429,2406.960471,2616.961366,2854.570755,3116.62056,3387.741418,3507.363701,3724.840924,3984.147696,4223.549366,4542.639635,4722.50141,4897.184598,5104.512826,5375.617172,5727.573819,6169.481958,6462.295052,6092.363949
Sub-Saharan Africa (IDA & IBRD countries),TSS,"GNI per capita, PPP (current international $)",NY.GNP.PCAP.PP.CD,,,,,,,,,,,,,,,,,,,,,,,,,,,,,,,1694.761267,1727.845573,1685.909028,1684.116917,1700.077539,1776.044206,1833.47918,1898.029271,1911.31319,1937.251049,1966.538936,2052.913827,2158.783402,2228.962288,2373.281461,2532.564328,2745.587698,2888.598456,3005.931246,3042.48628,3152.994203,3271.922837,3285.597129,3448.148324,3653.556486,3663.811843,3709.437865,3748.837982,3828.727264,3913.941129,3790.387504
Trinidad and Tobago,TTO,"GNI per capita, PPP (current international $)",NY.GNP.PCAP.PP.CD,,,,,,,,,,,,,,,,,,,,,,,,,,,,,,,6500,6850,7670,7870,8160,8710,9310,10430,11510,12560,13430,14490,15950,18360,20910,22320,25850,27890,29280,27810,29040,27460,27390,28330,27850,26930,26030,26540,26120,26720,24780
Tunisia,TUN,"GNI per capita, PPP (current international $)",NY.GNP.PCAP.PP.CD,,,,,,,,,,,,,,,,,,,,,,,,,,,,,,,3670,3830,4110,4150,4320,4470,4780,5090,5350,5690,6000,6320,6460,6860,7410,7760,8380,9030,9460,9790,10160,10100,10300,10310,10650,10510,10700,10910,11290,11410,10550
Turkey,TUR,"GNI per capita, PPP (current international $)",NY.GNP.PCAP.PP.CD,,,,,,,,,,,,,,,,,,,,,,,,,,,,,,,8410,8620,9200,10020,9460,10230,10980,11820,9000,8650,9490,9050,9220,9520,10820,11880,13580,14830,16020,15430,17410,19630,20620,22240,23880,25460,26230,27550,27520,26840,27770
Tuvalu,TUV,"GNI per capita, PPP (current international $)",NY.GNP.PCAP.PP.CD,,,,,,,,,,,,,,,,,,,,,,,,,,,,,,,,,,,,,,,,,,4730,5840,4050,4460,4400,4410,5150,5120,5260,4690,4750,4050,5030,4420,5670,5640,5570,6080,6160,6430
Tanzania,TZA,"GNI per capita, PPP (current international $)",NY.GNP.PCAP.PP.CD,,,,,,,,,,,,,,,,,,,,,,,,,,,,,,,930,950,950,950,960,990,1040,1060,1090,1130,1180,1230,1320,1390,1490,1600,1730,1830,1920,1980,2050,2190,2070,2160,2210,2300,2420,2470,2620,2810,2760
Uganda,UGA,"GNI per capita, PPP (current international $)",NY.GNP.PCAP.PP.CD,,,,,,,,,,,,,,,,,,,,,,,,,,,,,,,670,700,710,770,810,900,970,1020,1050,1110,1130,1170,1260,1320,1400,1480,1640,1780,1910,1990,2050,2220,1970,1970,2040,2090,2060,2030,2110,2220,2260
Ukraine,UKR,"GNI per capita, PPP (current international $)",NY.GNP.PCAP.PP.CD,,,,,,,,,,,,,,,,,,,,,,,,,,,,,,,7470,7050,6350,5440,4370,3940,3640,3620,3600,3650,3980,4550,4930,5560,6460,6900,7650,8600,8980,7660,8120,8700,9190,10510,10620,10040,11040,12140,12960,13750,13260
Upper middle income,UMC,"GNI per capita, PPP (current international $)",NY.GNP.PCAP.PP.CD,,,,,,,,,,,,,,,,,,,,,,,,,,,,,,,3194.804156,3334.368087,3435.711938,3619.330104,3790.45751,3954.764789,4183.46836,4446.036548,4471.90957,4658.263173,5067.281455,5327.919766,5634.860553,6034.474759,6677.212642,7359.338392,8391.27446,9412.113852,10369.72599,10657.05742,11559.82565,12554.18667,13401.92043,14083.45878,14630.40336,14685.76591,15134.89878,15977.21231,17003.93256,17834.51591,17742.48527
Uruguay,URY,"GNI per capita, PPP (current international $)",NY.GNP.PCAP.PP.CD,,,,,,,,,,,,,,,,,,,,,,,,,,,,,,,6170,6640,7310,7640,8300,8310,8880,9800,10290,10250,10230,10030,9480,9290,10000,11250,12130,13250,14320,14960,16190,17390,16830,18110,18780,19290,21410,21730,22250,22850,21560
United States,USA,"GNI per capita, PPP (current international $)",NY.GNP.PCAP.PP.CD,,,,,,,,,,,,,,,,,,,,,,,,,,,,,,,23640,24100,25090,25910,27250,28450,29870,31500,33120,34730,36800,37710,38430,39760,42070,44550,47140,48300,48400,47030,49050,50870,53130,54380,56670,58180,58870,61190,64090,66120,64610
Uzbekistan,UZB,"GNI per capita, PPP (current international $)",NY.GNP.PCAP.PP.CD,,,,,,,,,,,,,,,,,,,,,,,,,,,,,,,,,2360,2320,2200,2190,2220,2310,2410,2520,2620,2750,2880,3030,3330,3640,3960,4590,5090,5300,5560,5950,6130,6410,6580,6790,6860,6970,7460,7750,7710
St. Vincent and the Grenadines,VCT,"GNI per capita, PPP (current international $)",NY.GNP.PCAP.PP.CD,,,,,,,,,,,,,,,,,,,,,,,,,,,,,,,3660,3710,4010,4390,4380,4830,5030,5260,5530,5690,5920,6210,6700,7250,7680,8130,9130,9800,10150,10170,9960,10110,10400,10850,10850,11360,12370,12190,12740,12910,12740
"Venezuela, RB",VEN,"GNI per capita, PPP (current international $)",NY.GNP.PCAP.PP.CD,,,,,,,,,,,,,,,,,,,,,,,,,,,,,,,9440,10510,10950,11000,10700,11200,11160,11790,11740,11130,11610,11980,10750,9960,11830,13450,15140,16930,17760,16900,16530,17090,,,,,,,,,
British Virgin Islands,VGB,"GNI per capita, PPP (current international $)",NY.GNP.PCAP.PP.CD,,,,,,,,,,,,,,,,,,,,,,,,,,,,,,,,,,,,,,,,,,,,,,,,,,,,,,,,,,,,,
Virgin Islands (U.S.),VIR,"GNI per capita, PPP (current international $)",NY.GNP.PCAP.PP.CD,,,,,,,,,,,,,,,,,,,,,,,,,,,,,,,,,,,,,,,,,,,,,,,,,,,,,,,,,,,,,
Vietnam,VNM,"GNI per capita, PPP (current international $)",NY.GNP.PCAP.PP.CD,,,,,,,,,,,,,,,,,,,,,,,,,,,,,,,860,930,1030,1120,1240,1390,1510,1630,1710,1810,1960,2110,2250,2420,2640,2910,3160,3420,3650,3780,4050,4330,4840,5130,5470,5720,6120,6610,7270,7840,8150
Vanuatu,VUT,"GNI per capita, PPP (current international $)",NY.GNP.PCAP.PP.CD,,,,,,,,,,,,,,,,,,,,,,,,,,,,,,,1670,1530,1520,1520,1620,1650,1740,1850,2030,2060,2120,2110,1930,1990,2060,2150,2400,2470,2710,2660,2670,2760,2660,2770,2920,2880,2980,3090,3260,3530,3320
World,WLD,"GNI per capita, PPP (current international $)",NY.GNP.PCAP.PP.CD,,,,,,,,,,,,,,,,,,,,,,,,,,,,,,,5470.049227,5682.944289,5852.939739,6017.365554,6253.770824,6499.20132,6789.844701,7093.602736,7235.886671,7488.079093,7955.297378,8238.169027,8509.271,8866.974358,9473.741815,10079.32465,10944.39197,11681.31811,12193.97755,12155.79069,12814.56188,13499.20061,14067.21385,14555.12624,14968.04143,15087.9083,15473.11471,16146.28393,16912.99426,17497.96007,17009.31559
Samoa,WSM,"GNI per capita, PPP (current international $)",NY.GNP.PCAP.PP.CD,,,,,,,,,,,,,,,,,,,,,,,,,,,,,,,1690,1680,,,,,,,,,,,3720,3920,4210,4460,4680,5100,5210,5040,5200,5440,5290,5310,5350,5700,6180,6290,6310,6620,6510
Kosovo,XKX,"GNI per capita, PPP (current international $)",NY.GNP.PCAP.PP.CD,,,,,,,,,,,,,,,,,,,,,,,,,,,,,,,,,,,,,,,,,,,,,,,,,6840,6980,7350,7970,8300,8580,8830,9510,10130,10650,11200,12070,11660
"Yemen, Rep.",YEM,"GNI per capita, PPP (current international $)",NY.GNP.PCAP.PP.CD,,,,,,,,,,,,,,,,,,,,,,,,,,,,,,,2050,2090,2220,2260,2340,2360,2320,2400,2590,2550,2720,2840,2890,2930,3010,3190,3410,3520,3590,3750,3920,3350,3340,3520,,,,,,,
South Africa,ZAF,"GNI per capita, PPP (current international $)",NY.GNP.PCAP.PP.CD,,,,,,,,,,,,,,,,,,,,,,,,,,,,,,,6830,6890,6750,6840,7060,7270,7560,7750,7740,7920,8320,8560,8960,9260,9890,10600,11390,12010,12480,12320,12660,13080,12880,13280,13260,13390,13400,13480,13810,13930,13130
Zambia,ZMB,"GNI per capita, PPP (current international $)",NY.GNP.PCAP.PP.CD,,,,,,,,,,,,,,,,,,,,,,,,,,,,,,,1350,1320,1310,1430,1320,1360,1440,1480,1440,1510,1570,1660,1720,1840,1900,2020,2150,2280,2530,2850,2970,3160,3360,3430,3470,3360,3300,3330,3550,3550,3360
Zimbabwe,ZWE,"GNI per capita, PPP (current international $)",NY.GNP.PCAP.PP.CD,,,,,,,,,,,,,,,,,,,,,,,,,,,,,,,1740,1850,1680,1710,1870,1890,2110,2170,2220,2230,2190,2270,2110,1780,1710,1650,1620,1580,1290,1510,1810,2070,2340,2520,2570,2630,2750,3730,3950,3710,3420
