Year,GNI,Country_EN,Quality of Life Index,Purchasing Power Index,Safety Index,Health Care Index,Cost of Living Index,Property Price to Income Ratio,Traffic Commute Time Index,Pollution Index,Climate Index,Code,Country_HU
2012,61140.0,Switzerland,194.11,127.42,74.22,79.51,148.69,6.53,30.88,35.49,,CHE,Svájc
2012,44400.0,Germany,184.42,114.22,78.8,71.96,92.83,4.8,33.12,45.14,,DEU,Németország
2012,65910.0,Norway,183.43,94.21,80.93,79.04,166.65,7.1,18.5,19.22,,NOR,Norvégia
2012,69160.0,United Arab Emirates,177.07,134.89,64.05,63.89,80.79,4.49,17.0,69.17,,ARE,Egyesült Arab Emírségek
2012,31620.0,New Zealand,174.28,88.59,53.19,86.81,107.37,5.71,25.25,17.08,,NZL,Új-Zéland
2012,46470.0,Sweden,171.72,99.33,63.76,86.76,109.02,9.01,23.0,32.5,,SWE,Svédország
2012,41540.0,Canada,164.99,110.72,60.18,71.99,101.7,4.85,40.44,41.59,,CAN,Kanada
2012,45820.0,Denmark,163.12,99.26,54.69,89.81,125.72,6.13,31.0,34.17,,DNK,Dánia
2012,41530.0,Australia,162.03,108.67,59.38,79.11,130.28,6.94,37.09,37.25,,AUS,Ausztrália
2012,46500.0,Austria,159.89,98.78,55.92,83.18,98.44,6.69,23.0,42.84,,AUT,Ausztria
2012,48080.0,Netherlands,158.07,93.65,71.6,70.37,108.48,6.34,26.83,41.67,,NLD,Hollandia
2012,53130.0,United States of America,140.62,118.75,35.07,65.52,85.55,2.82,36.36,61.27,,USA,Amerikai Egyesült Államok
2012,38190.0,Japan,130.52,83.62,94.25,96.11,136.69,16.88,46.5,52.5,,JPN,Japán
2012,37390.0,Ireland,125.14,84.79,53.93,41.06,114.29,5.89,11.67,45.17,,IRL,Írország
2012,28590.0,Slovenia,121.94,57.17,64.29,82.87,78.63,13.41,24.67,35.0,,SVN,Szlovénia
2012,38500.0,France,119.51,90.9,55.24,80.74,103.9,10.54,29.0,61.82,,FRA,Franciaország
2012,31030.0,Israel,118.25,73.81,59.22,91.67,98.66,9.51,46.6,48.75,,ISR,Izrael
2012,38120.0,United Kingdom of Great Britain,110.09,89.77,53.96,76.04,109.44,7.38,44.17,64.43,,GBR,Egyesült Királyság
2012,25810.0,Portugal,105.1,56.85,59.36,69.96,73.97,7.77,28.0,51.91,,PRT,Portugália
2012,31470.0,Spain,100.93,86.18,67.04,69.92,84.48,9.87,26.45,85.62,,ESP,Spanyolország
2012,43270.0,Belgium,100.68,84.58,59.38,82.22,114.29,6.3,21.5,88.33,,BEL,Belgium
2012,20680.0,Croatia,93.06,50.65,67.58,65.0,70.77,11.59,37.0,49.94,,HRV,Horvátország
2012,27370.0,Czechia,88.14,58.43,63.41,65.0,65.19,10.99,28.67,65.99,,CZE,Csehország
2012,78420.0,Singapore,87.08,91.24,79.79,58.97,101.03,17.16,66.25,70.83,,SGP,Szingapúr
2012,12880.0,South Africa,83.59,99.97,21.88,59.54,76.89,2.99,34.5,88.96,,ZAF,Dél-afrikai Köztársaság
2012,58220.0,Saudi Arabia,71.02,80.41,67.52,40.74,97.4,2.77,15.75,112.5,,SAU,Szaúd-Arábia
2012,20620.0,Turkey,66.7,52.76,73.62,69.97,68.12,5.65,54.22,89.23,,TUR,Törökország
2012,22140.0,Malaysia,65.31,72.13,29.12,69.06,56.0,4.77,32.4,91.25,,MYS,Malajzia
2012,22860.0,Poland,60.63,58.88,61.3,55.79,52.96,12.32,36.27,83.75,,POL,Lengyelország
2012,16830.0,Mexico,60.31,59.33,37.46,80.06,56.41,5.84,31.33,93.5,,MEX,Mexikó
2012,36440.0,Italy,49.65,67.73,43.33,67.77,99.07,12.63,37.81,85.48,,ITA,Olaszország
2012,22290.0,Hungary,48.74,38.08,69.53,59.95,63.4,10.6,24.67,90.25,,HUN,Magyarország
2012,4800.0,India,44.01,62.05,54.36,59.42,34.28,9.8,48.33,102.91,,IND,India
2012,9440.0,Indonesia,37.22,20.09,76.13,94.12,51.49,39.78,36.67,43.84,,IDN,Indonézia
2012,13480.0,Serbia,34.59,31.08,71.3,57.41,54.28,19.51,25.65,80.97,,SRB,Szerbia
2012,19150.0,Argentina,32.58,40.48,51.62,76.74,68.05,11.83,45.4,90.0,,ARG,Argentína
2012,16110.0,Bulgaria,30.77,34.73,58.63,60.3,53.69,10.35,26.33,98.48,,BGR,Bulgária
2012,10380.0,Bosnia and Herzegovina,28.04,42.86,59.69,57.41,53.37,10.85,17.0,112.42,,BIH,Bosznia-Hercegovina
2012,18540.0,Romania,25.52,33.16,70.41,48.41,50.95,15.65,32.47,91.92,,ROU,Románia
2012,14190.0,Thailand,24.89,33.42,60.33,92.59,52.94,16.75,38.75,101.61,,THA,Thaiföld
2012,11560.0,Colombia,23.38,28.95,52.79,88.89,61.7,14.41,44.0,91.46,,COL,Kolumbia
2012,25120.0,Greece,23.28,44.99,47.97,51.76,97.85,11.05,38.22,87.77,,GRC,Görögország
2012,20490.0,Chile,21.04,51.02,43.65,59.26,70.2,9.37,41.62,103.75,,CHL,Chile
2012,14670.0,Brazil,10.81,31.73,40.74,59.09,87.64,15.28,30.0,82.92,,BRA,Brazília
2012,3960.0,Pakistan,-3.05,26.24,41.29,60.42,36.45,20.18,13.0,101.33,,PAK,Pakisztán
2012,6990.0,Philippines,-3.77,28.37,46.91,76.11,44.85,8.66,54.89,116.65,,PHL,Fülöp-szigetek
2012,23560.0,Russian Federation,-7.39,44.05,49.43,35.52,69.37,14.41,47.83,104.67,,RUS,Oroszország
2012,9190.0,Ukraine,-14.61,27.22,44.61,40.28,51.68,16.68,33.0,100.24,,UKR,Ukrajna
2012,10840.0,Egypt,-22.17,27.17,55.69,65.74,50.77,11.81,59.0,125.71,,EGY,Egyiptom
2012,16060.0,Iran (Islamic Republic of),-35.23,46.38,48.14,43.4,54.32,12.48,73.5,131.85,,IRN,Irán
2012,11140.0,China,-49.55,33.5,55.53,36.15,51.63,29.9,29.67,122.8,,CHN,Kína
2013,63430.0,Switzerland,215.71,138.2,72.42,71.98,146.98,6.25,25.87,22.97,,CHE,Svájc
2013,46040.0,Germany,204.84,118.0,76.14,73.25,87.56,5.0,31.89,28.43,,DEU,Németország
2013,54380.0,United States of America,199.56,138.38,46.56,67.76,79.57,2.2,39.54,32.53,,USA,Amerikai Egyesült Államok
2013,47350.0,Sweden,191.36,108.25,68.19,78.7,110.72,8.75,27.9,18.79,,SWE,Svédország
2013,43620.0,Canada,186.03,111.04,65.02,72.79,95.47,5.08,38.76,26.52,,CAN,Kanada
2013,70460.0,United Arab Emirates,186.01,123.85,81.99,59.92,74.12,4.43,24.5,58.37,,ARE,Egyesült Arab Emírségek
2013,48210.0,Denmark,182.29,104.58,69.26,86.13,114.09,6.97,22.5,34.29,,DNK,Dánia
2013,67670.0,Norway,173.86,97.29,74.39,80.51,164.92,7.3,27.08,23.35,,NOR,Norvégia
2013,131020.0,Qatar,169.92,140.57,73.83,68.06,80.92,5.43,30.5,82.76,,QAT,Katar
2013,48050.0,Austria,167.39,88.57,69.56,81.45,93.07,8.82,28.0,28.81,,AUT,Ausztria
2013,41660.0,Finland,167.21,95.65,67.31,76.41,101.72,9.38,49.0,18.53,,FIN,Finnország
2013,44760.0,Australia,165.8,104.18,55.56,75.56,130.71,8.12,39.09,20.89,,AUS,Ausztrália
2013,34810.0,New Zealand,163.17,85.55,58.21,76.04,110.45,5.94,26.57,21.8,,NZL,Új-Zéland
2013,49910.0,Netherlands,160.54,94.93,62.47,66.8,98.06,6.3,38.7,28.08,,NLD,Hollandia
2013,40280.0,Japan,159.79,87.68,86.89,80.09,113.21,8.32,50.3,33.68,,JPN,Japán
2013,26980.0,Estonia,154.95,54.02,75.77,78.06,67.23,9.26,23.17,16.38,,EST,Észtország
2013,40410.0,France,151.36,99.18,48.87,85.62,98.92,8.38,28.9,41.3,,FRA,Franciaország
2013,40340.0,Ireland,149.64,91.68,55.05,49.0,107.65,5.52,21.0,29.76,,IRL,Írország
2013,39400.0,United Kingdom of Great Britain,148.12,90.54,60.22,71.28,96.99,6.73,38.67,36.02,,GBR,Egyesült Királyság
2013,44750.0,Belgium,146.73,95.48,57.05,81.48,103.01,6.69,27.33,49.63,,BEL,Belgium
2013,32220.0,Spain,141.05,83.67,65.88,75.61,79.25,9.63,26.42,46.52,,ESP,Spanyolország
2013,56920.0,Saudi Arabia,140.49,116.1,68.26,34.17,71.28,3.11,15.75,80.55,,SAU,Szaúd-Arábia
2013,34460.0,"Korea, Republic of",135.62,95.57,82.6,80.56,79.71,12.46,21.5,75.57,,KOR,Dél-Korea (Koreai Köztársaság)
2013,29570.0,Slovenia,133.62,60.1,70.4,72.11,78.15,12.1,24.67,28.17,,SVN,Szlovénia
2013,13280.0,South Africa,123.77,107.37,23.32,61.33,59.51,3.21,38.91,58.99,,ZAF,Dél-afrikai Köztársaság
2013,28860.0,Czechia,122.18,64.46,65.88,61.99,60.97,10.0,30.78,40.1,,CZE,Csehország
2013,,Taiwan,120.57,74.17,83.74,81.25,66.76,9.02,38.33,71.48,,TWN,Tajvan
2013,27560.0,Portugal,119.76,54.59,65.04,61.63,71.77,8.06,27.88,35.0,,PRT,Portugália
2013,22320.0,Puerto Rico,117.89,95.73,29.47,58.98,81.49,3.93,32.5,54.02,,PRI,Puerto Rico
2013,27710.0,Slovakia,114.58,54.24,64.84,59.95,62.69,7.91,41.0,34.4,,SVK,Szlovákia
2013,26130.0,Lithuania,114.05,42.79,65.39,70.79,60.95,13.58,27.33,25.17,,LTU,Litvánia
2013,33630.0,Israel,99.34,73.52,51.74,87.04,90.18,10.31,46.6,59.54,,ISR,Izrael
2013,54710.0,Hong Kong,94.27,81.17,83.43,71.06,76.23,23.93,43.88,64.95,,HKG,Hongkong
2013,23740.0,Poland,90.47,55.56,61.07,57.81,53.31,13.0,36.24,50.02,,POL,Lengyelország
2013,21640.0,Croatia,88.86,52.07,67.75,50.03,69.6,13.1,43.86,42.0,,HRV,Horvátország
2013,16870.0,Mexico,87.94,60.67,43.77,72.12,52.42,5.68,37.37,66.08,,MEX,Mexikó
2013,36250.0,Italy,87.36,75.76,50.54,64.78,98.09,13.0,38.43,58.86,,ITA,Olaszország
2013,19480.0,Panama,86.81,37.69,51.54,82.41,50.77,10.83,31.67,48.08,,PAN,Panama
2013,23840.0,Hungary,85.59,43.45,66.28,51.02,60.76,10.71,22.45,53.27,,HUN,Magyarország
2013,22690.0,Malaysia,79.74,71.79,32.25,59.65,54.13,6.79,38.64,67.35,,MYS,Malajzia
2013,18110.0,Uruguay,78.34,38.14,55.03,57.18,80.65,11.54,50.0,30.46,,URY,Uruguay
2013,22240.0,Turkey,74.84,57.26,64.8,71.87,61.67,6.19,50.47,82.0,,TUR,Törökország
2013,4990.0,India,73.7,62.71,57.88,62.68,30.24,9.96,50.64,77.48,,IND,India
2013,21300.0,Chile,72.56,58.03,59.72,61.51,66.37,9.22,40.22,74.2,,CHL,Chile
2013,19650.0,Argentina,72.53,51.09,40.71,78.26,69.68,10.19,46.71,55.56,,ARG,Argentína
2013,11160.0,Bosnia and Herzegovina,71.6,47.34,56.74,54.54,50.63,11.7,18.83,67.63,,BIH,Bosznia-Hercegovina
2013,78530.0,Singapore,69.17,60.86,80.02,58.82,104.14,25.12,51.1,49.5,,SGP,Szingapúr
2013,14060.0,Serbia,63.68,37.01,58.77,55.55,51.13,17.22,25.48,52.79,,SRB,Szerbia
2013,19490.0,Romania,57.75,36.35,69.98,46.13,49.46,14.25,34.85,63.34,,ROU,Románia
2013,25990.0,Greece,55.51,50.31,50.24,50.4,88.06,11.56,38.51,62.69,,GRC,Görögország
2013,14420.0,Thailand,54.08,35.44,59.47,94.73,51.3,18.33,38.57,72.12,,THA,Thaiföld
2013,16280.0,Bulgaria,53.71,38.01,58.53,54.63,51.37,10.14,22.17,78.86,,BGR,Bulgária
2013,15370.0,Brazil,48.21,41.44,37.38,57.58,69.91,13.33,35.82,56.5,,BRA,Brazília
2013,10980.0,Ecuador,37.68,25.99,40.26,64.81,46.02,13.33,43.0,58.55,,ECU,Ecuador
2013,10420.0,Georgia,35.74,29.0,80.43,68.98,53.24,33.8,20.0,64.83,,GEO,Grúzia
2013,12280.0,Colombia,35.05,29.44,45.84,77.31,57.25,15.46,43.57,68.26,,COL,Kolumbia
2013,10510.0,Ukraine,31.86,32.3,51.05,47.89,47.95,15.42,39.91,67.28,,UKR,Ukrajna
2013,11780.0,China,31.5,42.41,73.13,60.86,60.72,22.22,30.5,89.35,,CHN,Kína
2013,7390.0,Philippines,21.08,25.98,45.06,73.7,47.79,16.38,46.75,74.84,,PHL,Fülöp-szigetek
2013,25170.0,Russian Federation,18.5,39.6,47.61,39.34,68.12,12.36,49.68,78.29,,RUS,Oroszország
2013,9950.0,Mongolia,14.08,28.4,53.13,43.06,61.95,13.0,26.67,88.97,,MNG,Mongólia
2013,14880.0,Lebanon,12.46,44.15,52.69,43.33,73.95,18.42,36.4,88.05,,LBN,Libanon
2013,4040.0,Pakistan,7.67,26.38,38.48,47.88,32.83,17.49,16.0,86.96,,PAK,Pakisztán
2013,10930.0,Egypt,7.59,27.41,51.33,59.08,44.12,12.33,59.0,89.86,,EGY,Egyiptom
2013,15380.0,Iran (Islamic Republic of),-6.96,35.75,43.85,45.66,56.97,16.33,58.28,90.23,,IRN,Irán
2013,9770.0,Indonesia,-12.54,24.61,59.51,48.52,46.01,24.75,54.38,85.14,,IDN,Indonézia
2013,,Venezuela (Bolivarian Republic of),-48.27,18.71,14.3,44.44,110.55,20.78,38.75,81.89,,VEN,Venezuela
2014,64210.0,Switzerland,206.23,138.05,68.21,67.95,143.88,7.05,24.55,26.8,,CHE,Svájc
2014,56670.0,United States of America,195.55,132.91,49.85,68.58,77.39,2.43,37.13,35.13,,USA,Amerikai Egyesült Államok
2014,47950.0,Germany,192.69,112.28,72.86,75.26,87.14,5.6,36.07,30.2,,DEU,Németország
2014,48180.0,Sweden,180.92,106.11,61.72,75.22,103.68,9.41,34.07,17.51,,SWE,Svédország
2014,42180.0,Finland,178.88,97.9,70.84,68.69,103.28,7.83,37.0,16.68,,FIN,Finnország
2014,49640.0,Denmark,178.55,100.66,70.73,85.62,114.87,6.37,25.0,34.76,,DNK,Dánia
2014,45010.0,Canada,178.29,105.53,63.71,71.94,87.9,5.57,39.17,27.7,,CAN,Kanada
2014,45660.0,Australia,175.98,104.2,58.77,73.55,108.51,7.44,36.25,19.38,,AUS,Ausztrália
2014,73740.0,United Arab Emirates,173.27,110.64,79.21,60.65,68.25,5.26,28.2,53.84,,ARE,Egyesült Arab Emírségek
2014,48860.0,Austria,171.82,91.53,74.17,79.67,89.5,9.17,24.5,31.68,,AUT,Ausztria
2014,35790.0,New Zealand,168.56,87.58,57.15,77.83,104.48,5.3,26.57,21.02,,NZL,Új-Zéland
2014,40590.0,Japan,168.47,99.64,81.9,85.03,94.13,8.34,47.64,40.78,,JPN,Japán
2014,67980.0,Norway,168.41,94.4,66.27,75.71,144.45,7.42,24.5,22.57,,NOR,Norvégia
2014,49110.0,Netherlands,160.98,97.54,62.93,66.17,98.82,6.08,35.06,32.4,,NLD,Hollandia
2014,40720.0,United Kingdom of Great Britain,150.97,94.34,57.38,73.52,100.11,7.74,37.68,33.81,,GBR,Egyesült Királyság
2014,28310.0,Estonia,145.4,48.67,70.93,76.34,67.33,10.19,24.71,13.43,,EST,Észtország
2014,43140.0,Ireland,142.35,94.64,46.41,42.57,106.61,5.74,22.53,29.32,,IRL,Írország
2014,76820.0,Kuwait,141.37,92.46,63.56,66.2,74.08,6.78,17.0,59.99,,KWT,Kuvait
2014,56940.0,Saudi Arabia,139.88,100.03,70.62,50.42,68.14,3.25,23.33,71.54,,SAU,Szaúd-Arábia
2014,41010.0,France,136.31,92.29,52.72,82.28,100.21,10.32,28.1,46.92,,FRA,Franciaország
2014,45870.0,Belgium,134.71,87.93,58.47,78.04,100.04,5.98,25.96,56.16,,BEL,Belgium
2014,30590.0,Slovenia,125.56,60.36,66.79,61.31,75.37,11.09,20.67,32.97,,SVN,Szlovénia
2014,28150.0,Portugal,124.71,54.65,64.94,64.8,69.3,8.41,28.91,30.9,,PRT,Portugália
2014,22620.0,Puerto Rico,123.64,85.28,40.7,59.93,76.5,5.1,28.4,47.41,,PRI,Puerto Rico
2014,33400.0,Spain,123.64,72.48,67.58,75.17,77.18,10.45,32.03,49.76,,ESP,Spanyolország
2014,30270.0,Czechia,122.99,62.32,66.12,66.27,56.59,10.43,33.08,38.34,,CZE,Csehország
2014,27850.0,Lithuania,121.91,43.24,65.29,69.26,59.96,12.91,22.0,21.13,,LTU,Litvánia
2014,35500.0,"Korea, Republic of",117.9,80.63,83.65,79.17,87.56,11.35,31.2,74.24,,KOR,Dél-Korea (Koreai Köztársaság)
2014,,Taiwan,114.06,82.31,78.53,78.33,60.2,17.33,27.6,70.81,,TWN,Tajvan
2014,13260.0,South Africa,111.61,95.97,21.47,59.44,48.55,3.45,41.31,57.93,,ZAF,Dél-afrikai Köztársaság
2014,28600.0,Slovakia,108.74,52.41,67.28,63.52,61.5,9.51,37.5,40.81,,SVK,Szlovákia
2014,21860.0,Croatia,108.7,48.32,71.1,55.94,69.04,13.37,33.35,28.69,,HRV,Horvátország
2014,24520.0,Poland,95.19,57.6,62.47,54.83,53.68,11.37,35.32,50.54,,POL,Lengyelország
2014,18780.0,Uruguay,91.94,39.64,53.36,59.58,77.36,11.6,45.0,21.33,,URY,Uruguay
2014,34160.0,Israel,91.16,69.29,66.72,75.43,91.45,12.83,46.38,63.75,,ISR,Izrael
2014,36200.0,Italy,90.61,75.39,54.41,65.05,96.81,12.15,38.05,60.42,,ITA,Olaszország
2014,23790.0,Malaysia,89.05,70.46,33.59,69.35,48.66,8.04,38.7,61.12,,MYS,Malajzia
2014,81490.0,Singapore,87.99,64.11,78.65,61.82,100.01,22.59,47.82,41.93,,SGP,Szingapúr
2014,17610.0,Mexico,83.47,60.46,47.54,70.64,46.96,6.47,38.96,71.17,,MEX,Mexikó
2014,24540.0,Hungary,83.18,44.89,62.48,46.58,59.27,9.63,34.83,48.33,,HUN,Magyarország
2014,19250.0,Argentina,81.12,57.08,42.52,76.75,66.85,8.95,45.0,57.45,,ARG,Argentína
2014,5170.0,India,78.01,62.33,56.3,64.62,26.7,10.16,47.72,74.34,,IND,India
2014,26800.0,Greece,77.48,44.27,56.95,59.02,83.79,11.74,36.98,45.28,,GRC,Görögország
2014,11530.0,Bosnia and Herzegovina,74.6,44.52,55.02,54.42,49.76,11.97,22.56,58.22,,BIH,Bosznia-Hercegovina
2014,18440.0,Belarus,74.43,33.93,67.11,48.02,50.35,16.81,24.83,42.72,,BLR,Fehéroroszország
2014,55910.0,Hong Kong,73.24,71.39,77.32,71.83,76.36,27.06,47.73,63.79,,HKG,Hongkong
2014,21910.0,Chile,69.32,58.27,52.91,58.68,60.16,9.45,42.1,70.98,,CHL,Chile
2014,14100.0,Serbia,69.31,37.39,60.72,54.35,51.57,16.86,24.38,49.56,,SRB,Szerbia
2014,23880.0,Turkey,67.82,55.79,60.05,57.54,49.93,6.86,51.93,77.11,,TUR,Törökország
2014,20560.0,Romania,63.27,36.51,71.27,47.27,48.2,13.24,33.29,62.55,,ROU,Románia
2014,17470.0,Bulgaria,62.6,37.39,59.98,58.04,49.96,9.87,34.69,66.72,,BGR,Bulgária
2014,14680.0,Thailand,56.64,36.96,62.44,85.44,45.95,19.07,32.82,71.13,,THA,Thaiföld
2014,11530.0,Ecuador,42.25,27.03,40.03,59.39,45.23,12.7,42.8,53.66,,ECU,Ecuador
2014,22190.0,Kazakhstan,40.64,37.29,50.59,60.19,63.15,11.35,40.0,74.36,,KAZ,Kazahsztán
2014,9080.0,Jordan,39.54,38.3,52.42,74.1,61.46,7.95,60.2,81.84,,JOR,Jordánia
2014,15430.0,Brazil,38.76,43.29,33.0,53.72,60.6,14.96,43.02,57.58,,BRA,Brazília
2014,12910.0,Colombia,36.53,33.45,41.46,68.52,50.37,14.23,46.15,65.67,,COL,Kolumbia
2014,12500.0,China,30.3,43.73,69.87,65.12,54.12,26.13,31.17,84.72,,CHN,Kína
2014,7760.0,Philippines,28.09,29.97,58.1,69.84,40.28,18.78,49.78,74.88,,PHL,Fülöp-szigetek
2014,4170.0,Pakistan,22.32,31.53,36.25,50.4,29.69,13.92,25.12,80.25,,PAK,Pakisztán
2014,10620.0,Ukraine,22.22,31.0,50.63,47.1,45.64,15.95,41.89,73.32,,UKR,Ukrajna
2014,9930.0,Indonesia,21.85,26.44,53.33,60.23,39.0,18.79,41.07,73.78,,IDN,Indonézia
2014,14870.0,Lebanon,18.39,41.86,49.9,55.36,70.15,18.3,32.43,86.72,,LBN,Libanon
2014,24910.0,Russian Federation,16.53,37.3,47.33,43.45,61.8,14.67,49.69,76.45,,RUS,Oroszország
2014,10640.0,Egypt,5.41,25.57,47.57,61.3,38.26,11.09,60.83,91.23,,EGY,Egyiptom
2014,15280.0,Iran (Islamic Republic of),-11.08,30.33,44.99,48.6,49.51,20.63,54.45,86.07,,IRN,Irán
2014,10160.0,Mongolia,-26.75,25.59,33.77,27.23,57.36,15.7,36.86,94.98,,MNG,Mongólia
2014,,Venezuela (Bolivarian Republic of),-39.32,17.87,18.5,41.05,114.36,20.19,38.75,73.96,,VEN,Venezuela
2015,66830.0,Switzerland,222.94,146.51,73.23,66.31,126.03,7.28,25.63,24.07,,CHE,Svájc
2015,48690.0,Germany,195.94,111.84,71.51,75.61,76.27,6.61,31.08,28.32,,DEU,Németország
2015,49500.0,Sweden,193.86,110.95,57.91,76.29,82.91,9.25,26.9,15.14,,SWE,Svédország
2015,58180.0,United States of America,192.49,126.09,49.99,67.75,76.53,2.62,35.96,31.45,,USA,Amerikai Egyesült Államok
2015,42920.0,Finland,190.25,101.17,70.45,69.37,89.68,7.01,33.17,14.91,,FIN,Finnország
2015,50550.0,Denmark,190.18,105.7,74.29,79.28,100.6,5.02,27.85,31.79,,DNK,Dánia
2015,49370.0,Austria,182.62,104.55,73.75,78.42,76.87,9.6,25.86,33.96,,AUT,Ausztria
2015,45310.0,Australia,180.81,110.39,57.84,71.85,99.32,7.13,36.25,21.63,,AUS,Ausztrália
2015,43990.0,Canada,177.63,105.07,62.54,69.6,81.8,5.52,38.88,27.3,,CAN,Kanada
2015,36240.0,New Zealand,175.51,90.99,60.24,72.61,93.71,5.78,28.1,17.61,,NZL,Új-Zéland
2015,62880.0,Norway,175.09,96.3,68.81,75.46,118.59,7.74,25.3,23.7,,NOR,Norvégia
2015,49900.0,Saudi Arabia,169.37,126.19,65.43,59.02,50.35,3.12,26.14,71.02,,SAU,Szaúd-Arábia
2015,41940.0,Japan,168.28,98.21,79.76,87.07,80.36,9.24,51.05,38.22,,JPN,Japán
2015,50330.0,Netherlands,166.76,102.02,64.59,67.23,85.98,6.22,35.45,34.97,,NLD,Hollandia
2015,12890.0,Turkmenistan,157.09,59.75,82.14,77.22,38.12,12.96,11.75,28.45,,TKM,Türkmenisztán
2015,41890.0,United Kingdom of Great Britain,156.9,98.12,57.99,73.88,92.19,8.63,34.0,33.95,,GBR,Egyesült Királyság
2015,31610.0,Cyprus,154.91,71.05,68.44,78.36,72.52,7.38,19.0,32.88,,CYP,Ciprus
2015,65220.0,United Arab Emirates,153.68,104.59,77.78,55.6,67.16,6.16,29.9,61.34,,ARE,Egyesült Arab Emírségek
2015,53060.0,Ireland,148.85,95.72,50.93,49.53,92.09,6.07,32.6,27.97,,IRL,Írország
2015,90920.0,Qatar,144.89,113.02,78.96,75.86,74.0,6.56,29.27,87.73,,QAT,Katar
2015,28750.0,Estonia,144.59,51.44,71.87,73.08,61.2,11.65,22.44,15.53,,EST,Észtország
2015,41730.0,France,139.31,92.62,50.29,82.58,88.37,9.7,28.6,45.94,,FRA,Franciaország
2015,46850.0,Belgium,135.95,86.16,57.96,77.86,87.22,6.49,26.69,53.84,,BEL,Belgium
2015,34900.0,Spain,134.91,76.71,66.15,73.21,65.7,9.56,28.91,46.3,,ESP,Spanyolország
2015,30650.0,Slovenia,134.49,64.16,71.29,53.93,65.15,10.61,18.82,31.45,,SVN,Szlovénia
2015,28870.0,Portugal,129.16,58.22,64.16,65.62,58.22,8.32,28.2,32.61,,PRT,Portugália
2015,31570.0,Czechia,127.53,68.07,67.11,67.24,48.5,10.59,31.47,42.87,,CZE,Csehország
2015,22900.0,Puerto Rico,125.69,94.43,32.94,58.74,73.5,4.54,32.0,48.03,,PRI,Puerto Rico
2015,52460.0,Kuwait,123.39,85.7,56.49,66.57,92.97,6.12,25.0,59.63,,KWT,Kuvait
2015,35170.0,Israel,120.43,88.18,69.6,76.35,79.29,10.72,41.25,65.21,,ISR,Izrael
2015,38020.0,"Korea, Republic of",120.03,85.83,82.01,78.15,82.9,11.01,31.33,77.11,,KOR,Dél-Korea (Koreai Köztársaság)
2015,27790.0,Lithuania,112.85,46.86,63.31,70.11,52.76,12.87,31.33,29.6,,LTU,Litvánia
2015,23160.0,Croatia,112.34,50.47,70.66,57.26,58.92,12.48,30.5,32.76,,HRV,Horvátország
2015,81040.0,Singapore,111.29,75.4,82.41,66.14,93.61,21.41,44.07,40.4,,SGP,Szingapúr
2015,13390.0,South Africa,110.92,101.78,21.56,60.09,45.58,3.14,42.98,65.19,,ZAF,Dél-afrikai Köztársaság
2015,25880.0,Poland,109.74,63.49,67.01,58.03,45.11,10.56,34.67,50.55,,POL,Lengyelország
2015,29230.0,Slovakia,109.09,56.05,66.66,57.34,51.6,8.58,30.4,47.94,,SVK,Szlovákia
2015,36640.0,Italy,100.99,79.35,52.5,65.78,82.72,11.69,35.91,57.75,,ITA,Olaszország
2015,24860.0,Latvia,99.04,44.39,62.78,67.13,55.94,12.19,24.0,43.43,,LVA,Lettország
2015,26740.0,Greece,94.66,51.89,58.65,56.73,68.88,9.67,33.18,44.87,,GRC,Görögország
2015,25520.0,Hungary,93.07,46.85,58.24,51.58,48.9,8.58,30.12,46.25,,HUN,Magyarország
2015,19290.0,Uruguay,93.06,44.87,52.83,67.92,68.55,11.23,45.0,31.72,,URY,Uruguay
2015,,Taiwan,92.5,69.9,78.12,84.29,57.06,24.97,28.25,67.65,,TWN,Tajvan
2015,23700.0,Panama,89.27,43.34,49.92,82.14,55.16,10.79,28.12,50.91,,PAN,Panama
2015,24130.0,Malaysia,85.32,73.54,30.03,69.14,45.97,8.35,39.4,64.73,,MYS,Malajzia
2015,17830.0,Mexico,84.97,59.51,46.16,67.79,41.26,6.26,36.89,68.83,,MEX,Mexikó
2015,43030.0,Bahrain,84.06,59.69,60.03,84.44,56.17,7.89,27.0,87.36,,BHR,Bahrein
2015,21380.0,Romania,83.63,40.62,70.28,46.57,42.39,11.81,30.69,50.55,,ROU,Románia
2015,57450.0,Hong Kong,82.96,74.93,80.76,80.6,75.23,30.09,46.25,59.5,,HKG,Hongkong
2015,25460.0,Turkey,82.55,53.63,63.6,74.0,49.55,6.7,46.32,74.31,,TUR,Törökország
2015,5400.0,India,78.6,65.79,53.45,66.86,26.27,10.06,45.24,77.72,,IND,India
2015,19730.0,Argentina,77.01,59.38,37.6,75.18,67.12,11.59,41.39,55.88,,ARG,Argentína
2015,12090.0,Bosnia and Herzegovina,73.45,44.74,54.18,52.08,42.3,12.5,21.9,58.54,,BIH,Bosznia-Hercegovina
2015,17330.0,Belarus,72.48,35.82,69.5,45.39,50.2,16.36,30.57,45.12,,BLR,Fehéroroszország
2015,17820.0,Bulgaria,68.3,39.88,56.55,58.47,43.57,9.42,33.43,63.96,,BGR,Bulgária
2015,22010.0,Chile,65.48,55.11,54.99,58.55,53.21,10.84,40.83,72.4,,CHL,Chile
2015,11820.0,Georgia,64.96,26.21,77.99,62.59,39.56,15.17,38.0,58.79,,GEO,Grúzia
2015,14240.0,Serbia,60.34,39.15,56.57,54.12,43.29,17.07,27.79,56.6,,SRB,Szerbia
2015,11270.0,Sri Lanka,49.87,28.24,50.04,74.29,41.66,14.29,30.83,65.72,,LKA,Srí Lanka
2015,10370.0,Armenia,49.07,27.74,70.86,48.33,40.68,13.39,26.09,73.03,,ARM,Örményország
2015,13080.0,Colombia,47.71,36.08,43.12,68.92,38.92,14.35,44.55,61.41,,COL,Kolumbia
2015,15010.0,Thailand,47.37,38.75,62.94,82.47,46.52,20.76,42.36,72.81,,THA,Thaiföld
2015,21760.0,Kazakhstan,47.0,43.48,53.32,58.86,54.27,12.73,41.8,73.69,,KAZ,Kazahsztán
2015,10860.0,Ecuador,44.52,28.0,45.96,63.08,45.57,14.67,45.67,53.2,,ECU,Ecuador
2015,14130.0,Dominican Republic,43.6,28.2,32.28,78.7,55.95,11.45,27.5,65.32,,DOM,Dominikai Köztársaság
2015,9790.0,"Moldova, Republic of",42.13,23.7,50.3,52.69,34.72,17.07,24.6,57.24,,MDA,Moldova
2015,9360.0,Jordan,38.61,38.67,54.49,69.71,61.38,8.58,51.4,85.64,,JOR,Jordánia
2015,8010.0,Philippines,36.95,35.41,56.89,71.66,40.0,18.52,45.5,74.17,,PHL,Fülöp-szigetek
2015,14940.0,Lebanon,32.81,50.17,48.02,65.78,67.61,16.21,32.43,89.11,,LBN,Libanon
2015,14470.0,Brazil,29.84,41.16,31.05,52.15,55.33,16.7,46.34,58.03,,BRA,Brazília
2015,13450.0,North Macedonia,28.85,35.48,63.94,35.12,37.41,15.38,33.17,82.31,,MKD,Észak-Macedónia
2015,23420.0,Russian Federation,28.38,38.86,48.67,51.8,61.91,14.6,47.08,72.77,,RUS,Oroszország
2015,9910.0,Indonesia,22.7,26.01,52.78,66.09,39.35,18.93,41.63,74.41,,IDN,Indonézia
2015,4300.0,Pakistan,21.82,33.21,38.84,51.16,30.71,14.32,25.14,83.73,,PAK,Pakisztán
2015,10040.0,Ukraine,20.1,27.87,50.64,44.27,41.29,17.38,40.04,69.85,,UKR,Ukrajna
2015,12840.0,China,15.99,48.64,58.25,58.74,48.89,26.42,37.48,89.36,,CHN,Kína
2015,3320.0,Kenya,7.32,28.74,27.39,62.7,50.01,16.75,65.2,62.2,,KEN,Kenya
2015,6890.0,Bolivia (Plurinational State of),6.55,41.1,34.4,49.75,40.02,10.33,55.0,94.05,,BOL,Bolívia
2015,5280.0,Nigeria,2.99,40.23,23.4,38.4,59.4,10.74,58.67,76.29,,NGA,Nigéria
2015,13620.0,Iran (Islamic Republic of),1.07,30.65,49.1,50.12,44.53,20.78,47.44,82.28,,IRN,Irán
2015,3180.0,Cambodia,-4.4,11.93,55.94,54.17,57.05,21.11,33.33,80.06,,KHM,Kambodzsa
2015,3790.0,Bangladesh,-5.36,33.43,35.75,43.25,39.22,10.9,58.0,93.59,,BGD,Banglades
2015,11310.0,Egypt,-7.07,25.84,39.86,54.69,37.22,11.33,56.85,96.62,,EGY,Egyiptom
2015,5720.0,Viet Nam,-19.52,21.32,47.71,34.26,41.86,23.92,36.4,84.34,,VNM,Vietnám
2015,9760.0,Mongolia,-35.74,23.5,29.75,28.29,52.28,18.63,36.86,94.55,,MNG,Mongólia
2015,,Venezuela (Bolivarian Republic of),-53.04,11.9,15.93,38.52,111.01,22.23,30.6,79.19,,VEN,Venezuela
2016,67820.0,Switzerland,208.54,178.74,74.27,68.88,123.1,8.57,28.73,23.02,70.5,CHE,Svájc
2016,53250.0,Denmark,206.49,142.14,74.33,81.89,84.88,5.85,25.64,29.93,70.65,DNK,Dánia
2016,38670.0,New Zealand,201.06,115.47,63.63,72.6,78.17,6.28,31.1,19.04,88.35,NZL,Új-Zéland
2016,51830.0,Germany,199.7,147.61,67.05,75.85,65.54,7.13,29.07,29.91,63.02,DEU,Németország
2016,46140.0,Australia,198.79,147.25,56.88,73.71,78.45,8.43,34.65,22.88,77.33,AUS,Ausztrália
2016,52680.0,Austria,192.4,120.46,75.94,77.78,66.59,9.52,26.79,30.77,63.76,AUT,Ausztria
2016,51520.0,Netherlands,192.4,129.34,68.53,70.43,72.12,5.87,35.51,32.79,76.28,NLD,Hollandia
2016,61520.0,Norway,188.9,125.75,69.89,74.23,99.8,7.36,29.48,18.21,56.33,NOR,Norvégia
2016,37380.0,Spain,186.41,105.31,68.23,75.89,56.11,8.06,30.52,46.58,90.8,ESP,Spanyolország
2016,50720.0,Sweden,185.81,128.22,56.88,74.33,75.7,11.19,32.05,18.3,61.8,SWE,Svédország
2016,45140.0,Finland,184.01,132.93,71.88,74.36,75.25,7.73,32.89,17.84,32.56,FIN,Finnország
2016,58870.0,United States of America,183.96,139.17,51.13,67.76,74.08,3.37,33.35,34.94,67.57,USA,Amerikai Egyesült Államok
2016,30840.0,Portugal,181.18,75.47,64.87,69.03,49.83,8.43,30.56,31.85,91.7,PRT,Portugália
2016,43520.0,United Kingdom of Great Britain,180.25,120.0,56.87,74.03,81.03,9.28,35.53,35.02,81.6,GBR,Egyesült Királyság
2016,45900.0,Canada,177.23,134.81,60.8,68.62,64.82,6.14,37.79,29.48,46.23,CAN,Kanada
2016,41310.0,Japan,176.06,117.55,80.66,80.42,81.25,20.17,48.35,34.04,79.64,JPN,Japán
2016,33080.0,Slovenia,175.93,89.76,73.73,58.47,52.19,9.72,25.0,28.2,62.46,SVN,Szlovénia
2016,43830.0,France,173.56,118.51,55.94,82.25,75.3,11.93,31.98,46.31,78.3,FRA,Franciaország
2016,24470.0,Croatia,172.39,67.89,70.49,59.96,48.2,11.88,30.03,30.42,85.64,HRV,Horvátország
2016,58240.0,Ireland,171.92,125.66,51.61,50.38,78.03,8.51,32.31,30.85,73.07,IRL,Írország
2016,39720.0,"Korea, Republic of",170.29,120.64,85.69,78.97,73.18,14.87,30.93,49.65,51.35,KOR,Dél-Korea (Koreai Köztársaság)
2016,33660.0,Czechia,167.38,89.99,67.94,72.35,41.8,10.33,32.48,42.49,63.48,CZE,Csehország
2016,37500.0,Israel,166.63,115.54,69.37,76.07,75.75,10.64,37.76,61.46,81.89,ISR,Izrael
2016,27380.0,Greece,165.43,79.27,61.54,59.17,54.4,7.38,29.09,47.22,87.14,GRC,Görögország
2016,49060.0,Belgium,162.29,106.69,54.81,78.06,75.44,6.58,36.19,56.61,76.97,BEL,Belgium
2016,40040.0,Italy,159.28,105.67,53.78,67.76,68.77,10.37,36.49,56.56,86.19,ITA,Olaszország
2016,46590.0,Saudi Arabia,159.18,167.86,74.8,65.09,47.6,2.78,38.7,72.2,16.77,SAU,Szaúd-Arábia
2016,13400.0,South Africa,156.7,126.1,21.57,59.58,34.75,3.34,43.18,63.29,91.42,ZAF,Dél-afrikai Köztársaság
2016,27210.0,Poland,153.61,80.77,68.59,60.01,38.53,10.95,34.51,49.87,64.33,POL,Lengyelország
2016,22710.0,Chile,147.26,78.4,58.0,61.05,43.88,9.88,33.81,67.21,85.68,CHL,Chile
2016,13090.0,Bosnia and Herzegovina,146.7,60.64,57.54,60.52,34.59,10.94,23.41,57.95,75.31,BIH,Bosznia-Hercegovina
2016,23950.0,Romania,146.13,61.9,70.28,51.43,34.8,10.56,33.29,50.5,66.96,ROU,Románia
2016,64340.0,United Arab Emirates,144.09,136.43,76.92,58.2,66.09,5.43,33.69,59.54,5.91,ARE,Egyesült Arab Emírségek
2016,19450.0,Bulgaria,141.61,59.19,58.58,50.93,36.36,8.8,28.66,60.35,77.8,BGR,Bulgária
2016,27190.0,Hungary,140.74,56.3,58.07,52.07,41.29,9.81,31.78,46.7,66.89,HUN,Magyarország
2016,19860.0,Argentina,138.48,74.92,36.72,73.73,64.09,12.22,42.36,58.46,91.7,ARG,Argentína
2016,14990.0,Serbia,138.26,49.62,56.72,55.88,33.56,16.59,28.37,55.14,83.89,SRB,Szerbia
2016,26230.0,Turkey,137.31,64.12,60.57,73.03,45.07,8.07,48.05,65.75,74.22,TUR,Törökország
2016,18810.0,Mexico,137.01,76.51,49.2,68.13,35.01,6.21,37.06,64.64,58.78,MEX,Mexikó
2016,29820.0,Lithuania,134.33,61.25,56.85,67.38,45.56,12.9,30.24,30.94,24.42,LTU,Litvánia
2016,13660.0,Colombia,128.46,45.99,51.49,73.22,29.25,16.29,44.24,64.44,84.51,COL,Kolumbia
2016,14540.0,North Macedonia,115.03,46.74,61.98,59.99,31.05,15.52,40.68,85.29,80.55,MKD,Észak-Macedónia
2016,5720.0,India,109.28,89.65,53.41,66.47,24.14,10.54,45.98,77.02,19.66,IND,India
2016,58660.0,Hong Kong,108.33,102.32,79.15,74.3,81.48,37.57,46.4,67.17,39.9,HKG,Hongkong
2016,13950.0,Brazil,101.02,48.69,28.77,51.09,38.88,17.95,46.12,61.18,72.6,BRA,Brazília
2016,13420.0,China,99.03,77.42,67.92,61.2,48.1,24.98,44.09,85.54,46.59,CHN,Kína
2016,14050.0,Iran (Islamic Republic of),96.93,47.73,47.63,49.83,41.12,14.78,48.15,84.21,74.61,IRN,Irán
2016,4330.0,Pakistan,93.99,43.34,43.37,61.27,26.69,15.27,36.85,76.64,41.17,PAK,Pakisztán
2016,83760.0,Singapore,93.09,110.5,84.19,69.06,83.67,23.17,43.43,38.83,-66.63,SGP,Szingapúr
2016,11040.0,Egypt,88.79,40.3,43.47,46.58,36.71,10.76,50.85,96.05,79.72,EGY,Egyiptom
2016,23460.0,Russian Federation,88.31,57.42,52.69,54.15,38.48,12.84,49.13,64.49,10.87,RUS,Oroszország
2016,11040.0,Ukraine,85.56,29.66,51.38,49.69,28.56,26.16,39.95,67.84,50.4,UKR,Ukrajna
2016,10160.0,Indonesia,72.19,35.51,53.03,62.56,36.33,19.48,41.4,75.14,7.98,IDN,Indonézia
2016,8560.0,Philippines,65.83,42.86,62.39,72.25,34.73,19.24,45.97,73.12,-26.98,PHL,Fülöp-szigetek
2016,15840.0,Thailand,63.83,40.06,57.44,80.8,40.02,24.38,43.09,71.51,-23.25,THA,Thaiföld
2016,24840.0,Malaysia,63.8,96.34,31.45,66.45,37.47,9.07,39.77,67.53,-71.17,MYS,Malajzia
2017,53670.0,Austria,190.37,95.66,80.75,80.91,71.52,9.66,26.27,21.9,62.13,AUT,Ausztria
2017,54340.0,Germany,189.74,124.88,67.97,76.74,65.5,7.46,30.55,27.05,57.97,DEU,Németország
2017,56570.0,Denmark,184.92,98.76,78.87,75.45,83.02,8.2,28.42,25.97,64.24,DNK,Dánia
2017,40700.0,New Zealand,184.74,89.87,61.22,70.58,80.77,8.14,30.23,20.03,85.41,NZL,Új-Zéland
2017,39540.0,Spain,183.65,87.87,68.72,76.65,54.98,8.26,32.63,37.46,88.04,ESP,Spanyolország
2017,47590.0,Finland,182.93,114.97,75.37,74.85,73.06,7.6,34.92,13.38,35.83,FIN,Finnország
2017,61190.0,United States of America,179.73,123.17,51.24,68.22,75.42,3.26,34.58,31.19,67.95,USA,Amerikai Egyesült Államok
2017,32270.0,Portugal,178.43,62.72,64.61,70.31,49.19,8.85,30.44,28.91,92.19,PRT,Portugália
2017,47090.0,Australia,176.54,101.94,57.58,74.25,80.66,9.24,34.73,24.58,72.79,AUS,Ausztrália
2017,35850.0,Slovenia,175.45,78.23,75.95,64.35,53.24,8.34,26.48,26.37,60.5,SVN,Szlovénia
2017,55510.0,Netherlands,175.23,86.52,70.11,82.5,72.47,8.52,33.9,27.62,61.87,NLD,Hollandia
2017,68170.0,Switzerland,173.54,95.35,77.55,71.04,122.06,14.04,28.3,20.77,69.32,CHE,Svájc
2017,45770.0,United Kingdom of Great Britain,172.87,96.85,58.81,74.28,69.49,10.0,34.6,34.88,78.91,GBR,Egyesült Királyság
2017,52850.0,Sweden,172.74,107.23,53.35,70.64,75.88,11.77,31.6,17.87,59.13,SWE,Svédország
2017,33040.0,Estonia,171.09,68.48,77.0,71.3,49.5,10.54,26.71,17.71,44.56,EST,Észtország
2017,26760.0,Croatia,170.63,60.71,72.2,65.49,48.0,10.91,28.45,33.34,82.02,HRV,Horvátország
2017,47700.0,Canada,167.18,108.01,60.75,69.23,70.16,6.4,36.24,26.54,44.31,CAN,Kanada
2017,61730.0,Ireland,166.9,103.52,54.23,53.33,76.98,7.02,35.01,27.18,70.18,IRL,Írország
2017,36810.0,Cyprus,166.64,95.92,67.54,54.23,54.07,5.21,20.32,54.77,71.01,CYP,Ciprus
2017,66400.0,Norway,165.93,105.58,54.31,74.19,106.31,7.9,31.32,19.45,49.32,NOR,Norvégia
2017,36630.0,Czechia,165.41,76.22,69.82,74.09,41.22,10.7,31.98,41.04,65.32,CZE,Csehország
2017,41120.0,"Korea, Republic of",162.49,102.38,74.73,83.2,75.41,12.38,34.18,52.73,61.2,KOR,Dél-Korea (Koreai Köztársaság)
2017,50900.0,Belgium,160.52,91.02,55.49,78.92,75.36,6.96,36.26,48.92,75.16,BEL,Belgium
2017,45580.0,France,160.25,87.29,56.34,78.62,74.89,11.58,35.81,40.15,73.91,FRA,Franciaország
2017,38920.0,Israel,157.88,94.47,70.99,74.78,77.74,10.87,36.52,61.71,81.01,ISR,Izrael
2017,29520.0,Slovakia,152.55,64.75,69.82,62.63,44.9,9.85,36.03,43.51,65.06,SVK,Szlovákia
2017,28820.0,Poland,150.21,71.75,68.47,61.46,38.15,10.12,34.55,50.33,62.53,POL,Lengyelország
2017,,Taiwan,150.08,118.57,82.76,81.14,61.38,12.87,32.69,62.91,24.48,TWN,Tajvan
2017,28460.0,Greece,148.32,58.24,59.68,53.92,55.87,8.33,31.6,52.05,87.25,GRC,Görögország
2017,42430.0,Japan,147.49,102.52,79.11,78.63,85.28,12.68,46.81,41.01,31.91,JPN,Japán
2017,48040.0,Saudi Arabia,146.41,138.05,76.35,60.41,48.37,2.85,36.31,74.18,17.96,SAU,Szaúd-Arábia
2017,13480.0,South Africa,144.72,98.96,24.28,61.72,43.12,3.58,42.98,63.56,88.74,ZAF,Dél-afrikai Köztársaság
2017,26760.0,Romania,143.04,53.44,72.05,53.11,35.63,10.79,31.97,50.9,64.45,ROU,Románia
2017,41810.0,Italy,142.52,71.83,55.34,66.31,83.7,12.39,36.38,51.57,82.6,ITA,Olaszország
2017,23000.0,Argentina,139.59,58.4,37.37,73.3,52.57,12.07,37.95,53.33,90.67,ARG,Argentína
2017,67670.0,United Arab Emirates,139.27,116.77,79.34,60.49,67.98,5.6,35.05,58.52,8.86,ARE,Egyesült Arab Emírségek
2017,13640.0,Bosnia and Herzegovina,139.14,51.29,59.03,61.49,35.05,11.35,26.63,60.69,73.29,BIH,Bosznia-Hercegovina
2017,28310.0,Hungary,138.82,47.52,61.61,53.46,42.77,11.2,33.09,43.99,66.49,HUN,Magyarország
2017,20990.0,Bulgaria,138.2,51.4,59.82,54.03,36.49,9.07,27.92,63.12,77.05,BGR,Bulgária
2017,23460.0,Chile,136.2,61.28,52.5,60.97,50.09,10.67,35.7,67.67,89.39,CHL,Chile
2017,15540.0,Serbia,133.43,40.8,61.38,53.86,33.79,17.87,29.93,55.29,82.66,SRB,Szerbia
2017,91500.0,Qatar,132.37,111.28,84.3,66.14,69.2,6.19,32.97,73.29,9.26,QAT,Katar
2017,32540.0,Lithuania,130.28,51.67,59.97,68.74,46.73,14.19,28.0,34.27,25.04,LTU,Litvánia
2017,27550.0,Turkey,129.63,55.64,58.91,71.68,38.6,8.87,47.58,70.46,73.19,TUR,Törökország
2017,19210.0,Mexico,129.06,60.08,49.68,70.11,29.81,6.94,41.66,66.74,60.74,MEX,Mexikó
2017,17670.0,Belarus,119.23,36.43,77.74,53.76,33.84,18.73,27.66,39.64,20.07,BLR,Fehéroroszország
2017,9950.0,Jordan,117.47,42.27,56.86,71.92,59.22,7.96,47.76,85.73,88.42,JOR,Jordánia
2017,15080.0,North Macedonia,116.42,39.85,61.34,63.46,30.93,14.67,33.79,83.38,75.54,MKD,Észak-Macedónia
2017,13910.0,Colombia,115.38,37.63,48.31,65.79,34.45,19.43,43.77,63.9,81.34,COL,Kolumbia
2017,15980.0,Lebanon,106.18,53.61,50.84,64.28,61.65,13.95,36.15,85.11,69.39,LBN,Libanon
2017,6120.0,India,101.52,76.73,56.04,69.18,25.08,10.28,46.38,76.53,9.3,IND,India
2017,14560.0,Iran (Islamic Republic of),97.17,43.18,49.1,51.55,38.26,13.5,49.7,82.51,71.48,IRN,Irán
2017,14250.0,Brazil,96.15,42.38,29.38,51.7,53.07,16.96,46.39,61.17,70.76,BRA,Brazília
2017,62450.0,Hong Kong,94.45,81.45,79.32,67.99,79.96,36.15,42.22,69.9,29.73,HKG,Hongkong
2017,4500.0,Pakistan,93.41,39.95,45.62,59.05,27.18,12.09,38.69,80.08,42.54,PAK,Pakisztán
2017,10800.0,Egypt,91.81,29.39,47.14,43.73,22.36,10.66,48.84,88.88,75.59,EGY,Egyiptom
2017,14220.0,China,90.95,67.84,66.1,62.25,44.76,23.29,43.87,88.96,38.7,CHN,Kína
2017,12250.0,Sri Lanka,88.99,30.28,65.43,80.04,33.47,17.49,47.19,61.9,2.4,LKA,Srí Lanka
2017,12140.0,Ukraine,87.49,26.93,48.73,49.81,26.22,22.87,39.16,67.26,49.94,UKR,Ukrajna
2017,88090.0,Singapore,86.5,92.7,83.42,69.87,82.41,21.63,43.39,37.04,-71.47,SGP,Szingapúr
2017,25230.0,Russian Federation,85.93,48.27,53.95,56.4,42.01,13.55,48.57,63.04,10.69,RUS,Oroszország
2017,10590.0,Indonesia,62.02,27.61,50.32,64.8,41.11,21.03,49.44,76.41,9.62,IDN,Indonézia
2017,16640.0,Thailand,57.21,34.28,50.22,80.66,43.71,24.43,43.56,73.23,-20.21,THA,Thaiföld
2017,9020.0,Philippines,56.87,36.0,60.23,69.16,34.71,16.91,45.14,70.25,-44.1,PHL,Fülöp-szigetek
2017,25910.0,Malaysia,51.65,73.34,35.25,65.99,40.24,9.53,39.4,67.08,-79.43,MYS,Malajzia
2017,6610.0,Viet Nam,36.12,24.77,47.04,47.87,40.11,26.76,33.0,88.1,-12.87,VNM,Vietnám
2017,,Venezuela (Bolivarian Republic of),0.0,3.35,14.72,36.9,38.3,202.07,46.24,72.9,91.17,VEN,Venezuela
2018,59050.0,Denmark,197.75,117.53,77.98,77.07,93.3,7.22,28.53,23.6,82.42,DNK,Dánia
2018,49910.0,Finland,195.3,119.42,76.3,75.4,81.7,7.49,33.23,12.07,58.63,FIN,Finnország
2018,58560.0,Netherlands,191.25,109.48,71.06,81.08,82.69,6.74,32.73,27.16,86.93,NLD,Hollandia
2018,68810.0,Switzerland,190.81,126.15,78.24,71.73,131.39,10.94,29.28,23.01,79.78,CHE,Svájc
2018,56500.0,Austria,190.22,98.69,79.59,78.8,81.47,9.58,27.02,22.87,77.74,AUT,Ausztria
2018,56920.0,Germany,190.04,125.01,63.35,75.44,74.35,8.05,31.25,27.32,82.53,DEU,Németország
2018,48530.0,Australia,188.7,122.98,57.45,76.21,84.3,7.41,36.32,24.76,92.41,AUS,Ausztrália
2018,42360.0,New Zealand,182.4,98.61,60.85,71.95,83.41,8.18,34.48,21.77,96.1,NZL,Új-Zéland
2018,64090.0,United States of America,180.56,127.62,50.42,68.38,72.95,3.34,34.74,31.7,78.23,USA,Amerikai Egyesült Államok
2018,54570.0,Sweden,176.81,113.01,50.74,70.42,83.7,10.52,30.68,19.1,75.08,SWE,Svédország
2018,35620.0,Estonia,176.44,74.82,79.17,71.35,57.65,9.24,32.73,17.17,63.61,EST,Észtország
2018,72330.0,Norway,176.27,107.95,56.67,74.66,113.7,8.71,31.04,20.22,71.89,NOR,Norvégia
2018,43220.0,Japan,176.04,107.35,86.9,81.72,86.58,12.64,44.48,41.66,84.82,JPN,Japán
2018,38340.0,Slovenia,175.36,80.33,75.29,64.69,59.65,8.38,27.78,26.25,76.3,SVN,Szlovénia
2018,40750.0,Spain,174.92,90.67,63.26,77.49,61.75,8.0,31.42,38.11,93.94,ESP,Spanyolország
2018,49390.0,Canada,173.9,118.92,60.72,70.58,72.48,6.12,36.07,27.7,52.82,CAN,Kanada
2018,47190.0,United Kingdom of Great Britain,171.89,108.54,58.8,74.19,75.85,9.31,35.75,37.71,87.92,GBR,Egyesült Királyság
2018,34080.0,Portugal,166.71,61.97,65.46,69.5,55.86,10.01,30.28,30.53,97.45,PRT,Portugália
2018,47700.0,France,166.22,101.21,54.71,78.03,83.86,9.93,35.03,40.41,89.8,FRA,Franciaország
2018,53090.0,Belgium,164.0,98.91,57.83,80.43,83.35,7.1,34.63,48.92,86.14,BEL,Belgium
2018,68810.0,United Arab Emirates,163.54,124.78,81.25,63.48,67.21,4.88,37.49,55.78,45.43,ARE,Egyesült Arab Emírségek
2018,65570.0,Ireland,163.53,96.1,56.18,53.02,85.45,7.63,37.47,28.66,89.43,IRL,Írország
2018,,Taiwan,163.28,106.38,79.26,82.0,65.42,14.35,33.15,63.25,83.79,TWN,Tajvan
2018,28540.0,Croatia,162.36,59.77,73.0,63.83,55.06,11.09,29.55,32.73,88.83,HRV,Horvátország
2018,38880.0,Czechia,162.01,76.35,71.19,75.36,50.09,12.73,30.3,41.02,77.87,CZE,Csehország
2018,91250.0,Qatar,159.62,125.05,84.3,70.5,65.37,5.15,34.78,70.24,45.48,QAT,Katar
2018,42660.0,"Korea, Republic of",155.38,109.36,64.17,83.4,82.94,14.05,37.24,52.87,67.2,KOR,Dél-Korea (Koreai Köztársaság)
2018,31100.0,Slovakia,155.37,67.29,69.85,64.42,50.41,9.88,32.17,40.67,77.66,SVK,Szlovákia
2018,40660.0,Israel,152.25,102.3,63.1,74.05,86.53,13.85,36.73,60.27,93.61,ISR,Izrael
2018,88930.0,Singapore,150.45,95.89,83.77,69.61,91.4,22.2,45.99,33.94,57.99,SGP,Szingapúr
2018,49210.0,Saudi Arabia,149.58,131.46,63.31,60.19,47.86,2.79,34.01,71.72,41.02,SAU,Szaúd-Arábia
2018,35240.0,Lithuania,148.98,57.29,62.41,66.81,53.24,13.02,28.69,33.14,68.76,LTU,Litvánia
2018,30660.0,Poland,146.58,74.42,63.77,62.08,45.2,9.77,33.6,51.12,75.8,POL,Lengyelország
2018,43600.0,Italy,146.13,81.07,55.47,68.01,79.06,9.88,37.01,53.11,91.38,ITA,Olaszország
2018,28710.0,Romania,144.05,66.2,70.96,54.56,39.71,9.1,33.4,53.04,76.19,ROU,Románia
2018,13810.0,South Africa,137.89,99.83,24.29,62.96,48.05,3.49,43.26,62.15,95.98,ZAF,Dél-afrikai Köztársaság
2018,29330.0,Greece,137.43,53.8,60.93,54.18,63.15,9.46,32.16,52.85,92.58,GRC,Görögország
2018,30620.0,Hungary,132.31,50.62,63.49,51.09,48.6,13.32,34.12,46.57,78.51,HUN,Magyarország
2018,22460.0,Argentina,131.85,60.15,38.21,71.31,53.74,10.68,41.55,53.64,98.22,ARG,Argentína
2018,22210.0,Bulgaria,129.69,54.44,60.3,52.11,41.21,8.58,31.12,63.03,81.58,BGR,Bulgária
2018,14830.0,Bosnia and Herzegovina,129.33,52.4,59.95,55.9,39.26,11.56,27.48,61.56,78.89,BIH,Bosznia-Hercegovina
2018,27520.0,Turkey,127.64,53.78,58.94,70.42,41.8,8.95,46.29,69.44,93.16,TUR,Törökország
2018,19710.0,Mexico,126.42,58.18,48.95,68.62,33.56,7.8,42.03,66.13,82.49,MEX,Mexikó
2018,16830.0,Serbia,123.48,41.81,62.24,53.42,39.59,17.22,28.95,56.58,82.93,SRB,Szerbia
2018,23620.0,Chile,122.73,54.53,53.52,61.9,55.24,13.09,35.07,66.79,90.21,CHL,Chile
2018,6600.0,India,122.09,79.27,55.84,67.39,26.88,9.73,46.76,75.89,65.68,IND,India
2018,27360.0,Malaysia,116.05,72.98,36.95,65.64,44.73,9.62,37.6,66.52,58.11,MYS,Malajzia
2018,11300.0,Indonesia,112.89,37.49,55.28,65.95,39.74,13.07,42.75,60.66,68.19,IDN,Indonézia
2018,14480.0,Colombia,112.15,38.59,49.34,67.8,35.29,18.09,48.1,62.47,96.72,COL,Kolumbia
2018,65500.0,Hong Kong,110.28,82.86,79.1,63.81,78.72,41.08,41.26,69.35,83.64,HKG,Hongkong
2018,27980.0,Russian Federation,103.32,51.11,54.8,56.77,43.89,11.44,48.26,63.26,44.7,RUS,Oroszország
2018,17630.0,Thailand,101.18,38.59,52.75,80.87,48.91,22.78,39.21,72.86,68.64,THA,Thaiföld
2018,4770.0,Pakistan,100.35,41.11,48.77,57.47,25.08,12.48,41.55,77.5,71.9,PAK,Pakisztán
2018,14600.0,Brazil,100.13,41.55,29.45,52.65,51.33,16.26,45.27,59.48,94.23,BRA,Brazília
2018,15430.0,China,99.43,72.28,60.56,62.88,44.56,28.2,42.55,85.89,78.81,CHN,Kína
2018,9650.0,Philippines,99.11,34.02,59.87,68.22,35.99,17.84,44.24,72.55,60.63,PHL,Fülöp-szigetek
2018,12960.0,Ukraine,95.96,30.24,50.61,50.11,25.98,18.21,38.5,67.24,70.2,UKR,Ukrajna
2018,13870.0,Iran (Islamic Republic of),92.43,45.6,50.6,51.22,34.56,12.45,49.46,81.21,69.54,IRN,Irán
2018,11350.0,Egypt,84.42,24.67,46.28,44.42,25.69,12.68,46.69,87.64,91.98,EGY,Egyiptom
2018,7270.0,Viet Nam,81.09,30.09,47.78,52.45,39.44,21.34,31.1,88.1,71.24,VNM,Vietnám
2019,61630.0,Denmark,198.57,114.39,75.75,79.41,81.38,6.93,28.51,22.14,81.8,DNK,Dánia
2019,70510.0,Switzerland,195.93,129.7,78.5,72.68,121.16,9.63,29.05,22.03,80.05,CHE,Svájc
2019,51780.0,Finland,194.01,112.3,77.2,73.49,72.82,7.98,30.41,11.93,58.56,FIN,Finnország
2019,50370.0,Australia,191.13,122.85,57.24,76.38,72.08,7.6,35.29,23.97,93.75,AUS,Ausztrália
2019,58430.0,Austria,191.05,96.7,78.63,79.19,71.79,10.14,25.15,21.97,77.74,AUT,Ausztria
2019,59920.0,Netherlands,188.91,102.54,71.43,77.81,74.83,7.38,29.87,27.45,87.45,NLD,Hollandia
2019,59590.0,Iceland,187.79,91.8,76.72,66.44,101.86,6.58,19.74,15.24,68.81,ISL,Izland
2019,58110.0,Germany,187.05,116.2,65.49,74.32,67.62,9.02,29.91,28.01,82.51,DEU,Németország
2019,43950.0,New Zealand,185.58,101.09,60.45,73.62,72.62,8.34,31.19,22.74,95.46,NZL,Új-Zéland
2019,70330.0,Norway,181.86,103.61,64.68,74.14,100.99,8.4,27.12,19.86,71.16,NOR,Norvégia
2019,37940.0,Estonia,180.88,75.97,79.2,72.12,51.01,9.31,25.75,18.15,64.28,EST,Észtország
2019,43760.0,Japan,180.5,103.12,86.27,80.4,83.33,11.25,40.03,37.08,84.79,JPN,Japán
2019,66120.0,United States of America,179.2,122.03,52.87,69.41,69.91,3.58,32.87,33.95,77.51,USA,Amerikai Egyesült Államok
2019,56950.0,Sweden,178.67,111.38,50.65,70.95,71.55,10.26,30.29,18.01,74.92,SWE,Svédország
2019,40570.0,Slovenia,175.98,75.38,77.43,62.81,52.51,10.16,24.81,24.33,78.08,SVN,Szlovénia
2019,42260.0,Spain,174.16,83.8,67.54,77.77,54.7,9.21,29.42,39.36,94.19,ESP,Spanyolország
2019,49050.0,United Kingdom of Great Britain,170.81,105.73,57.28,74.71,65.28,9.16,34.62,39.43,87.82,GBR,Egyesült Királyság
2019,50010.0,Canada,170.32,109.44,60.49,70.99,65.01,7.66,33.77,27.85,52.55,CAN,Kanada
2019,91430.0,Qatar,167.84,138.29,86.74,72.41,59.09,5.74,31.71,66.48,36.03,QAT,Katar
2019,71500.0,United Arab Emirates,167.81,119.6,83.68,67.99,56.16,4.4,37.46,53.11,45.23,ARE,Egyesült Arab Emírségek
2019,30530.0,Croatia,165.31,60.33,75.31,64.14,49.18,11.63,29.11,31.03,88.95,HRV,Horvátország
2019,35990.0,Portugal,163.5,55.19,67.87,70.72,50.39,12.71,29.02,31.58,97.55,PRT,Portugália
2019,55450.0,Belgium,162.09,95.09,57.54,79.44,72.97,7.18,34.86,49.89,86.03,BEL,Belgium
2019,69500.0,Ireland,160.82,95.09,55.48,48.58,75.35,7.9,35.85,31.12,89.13,IRL,Írország
2019,40700.0,Czechia,158.79,71.32,73.34,74.71,45.12,15.17,30.02,40.96,77.13,CZE,Csehország
2019,50680.0,France,157.83,91.55,53.61,78.55,74.85,12.85,35.27,42.7,88.25,FRA,Franciaország
2019,39850.0,Cyprus,157.57,75.29,70.69,50.17,55.57,7.17,20.27,53.75,92.23,CYP,Ciprus
2019,90320.0,Singapore,156.91,103.77,78.53,70.3,69.79,21.56,42.15,32.29,57.45,SGP,Szingapúr
2019,37450.0,Lithuania,156.36,60.34,63.49,67.58,45.91,11.11,27.15,30.84,69.86,LTU,Litvánia
2019,42060.0,Israel,153.82,92.48,67.84,73.44,74.28,13.98,36.32,57.25,93.8,ISR,Izrael
2019,32040.0,Slovakia,153.1,63.24,70.46,60.06,44.98,10.27,29.58,41.89,78.13,SVK,Szlovákia
2019,49440.0,Saudi Arabia,152.72,118.59,70.27,59.07,47.61,2.89,29.61,67.26,41.42,SAU,Szaúd-Arábia
2019,43220.0,"Korea, Republic of",149.53,103.4,65.95,84.51,76.93,17.58,40.02,54.19,68.39,KOR,Dél-Korea (Koreai Köztársaság)
2019,31760.0,Latvia,149.15,55.16,63.23,59.71,49.23,9.35,31.45,34.96,74.7,LVA,Lettország
2019,32830.0,Poland,147.98,70.0,69.91,62.15,39.13,10.27,32.15,52.38,76.02,POL,Lengyelország
2019,45340.0,Italy,145.69,77.49,54.98,67.14,69.25,9.97,34.69,53.75,91.25,ITA,Olaszország
2019,19500.0,Belarus,141.47,44.64,76.47,58.01,33.12,14.27,28.78,40.97,64.37,BLR,Fehéroroszország
2019,31860.0,Romania,140.31,61.16,72.16,54.49,36.45,10.15,34.36,55.39,77.62,ROU,Románia
2019,30560.0,Greece,137.82,49.57,61.43,55.16,56.66,9.84,32.2,51.86,94.18,GRC,Görögország
2019,13930.0,South Africa,135.31,82.97,23.2,62.56,42.49,4.11,40.33,56.95,95.97,ZAF,Dél-afrikai Köztársaság
2019,33070.0,Hungary,134.47,54.66,64.83,48.24,42.03,12.58,35.17,46.47,78.74,HUN,Magyarország
2019,,Taiwan,133.82,56.36,82.62,86.22,59.84,28.91,30.9,63.47,84.38,TWN,Tajvan
2019,24010.0,Bulgaria,130.59,52.18,60.0,54.04,37.17,8.72,28.79,63.98,82.76,BGR,Bulgária
2019,26840.0,Turkey,125.51,45.33,59.62,69.36,35.21,9.26,44.77,69.15,93.26,TUR,Törökország
2019,15840.0,Bosnia and Herzegovina,124.51,49.18,56.21,53.2,35.72,12.28,26.43,63.47,80.48,BIH,Bosznia-Hercegovina
2019,25040.0,Chile,124.14,54.13,53.19,65.5,47.73,13.51,36.79,65.54,90.21,CHL,Chile
2019,19860.0,Mexico,123.48,49.98,47.7,69.72,32.71,10.19,39.08,66.02,86.29,MEX,Mexikó
2019,22090.0,Argentina,122.49,55.0,37.45,69.39,33.09,19.02,43.04,52.35,98.28,ARG,Argentína
2019,28850.0,Malaysia,122.11,73.14,39.21,67.61,39.38,9.77,35.25,63.74,60.1,MYS,Malajzia
2019,14930.0,Georgia,120.9,33.19,80.14,51.29,28.78,12.67,34.34,72.46,84.2,GEO,Grúzia
2019,17920.0,Serbia,119.83,39.9,62.73,52.56,35.39,18.62,29.74,58.86,83.23,SRB,Szerbia
2019,6930.0,India,117.51,66.91,57.28,68.32,24.17,11.33,45.71,75.81,65.74,IND,India
2019,30570.0,Panama,113.12,41.34,53.57,61.41,51.45,12.67,36.48,62.0,67.84,PAN,Panama
2019,10500.0,Jordan,112.94,41.73,56.18,66.12,54.98,7.67,42.43,80.39,89.05,JOR,Jordánia
2019,15000.0,Lebanon,111.21,53.97,55.73,65.9,58.06,13.44,37.36,87.39,94.74,LBN,Libanon
2019,16910.0,North Macedonia,110.64,39.83,60.71,58.98,31.58,13.65,27.94,80.85,76.3,MKD,Észak-Macedónia
2019,15260.0,Colombia,108.36,34.66,48.74,67.51,30.15,18.85,45.06,61.74,86.04,COL,Kolumbia
2019,11940.0,Indonesia,107.2,32.95,53.99,61.98,36.24,13.81,42.93,62.78,68.96,IDN,Indonézia
2019,28260.0,Russian Federation,104.94,45.38,58.07,57.63,35.52,12.39,46.0,62.8,46.53,RUS,Oroszország
2019,4800.0,Pakistan,104.63,38.61,53.27,60.58,20.4,14.06,38.63,75.89,72.99,PAK,Pakisztán
2019,18530.0,Thailand,103.26,40.86,53.34,79.06,47.54,21.94,39.4,72.21,69.45,THA,Thaiföld
2019,13750.0,Ukraine,102.34,32.72,51.12,50.95,27.94,14.35,37.36,66.63,70.69,UKR,Ukrajna
2019,65240.0,Hong Kong,100.9,69.34,80.68,67.35,78.14,49.42,41.0,66.39,83.64,HKG,Hongkong
2019,14980.0,Brazil,100.33,37.43,29.76,54.64,42.8,18.72,43.37,57.72,95.35,BRA,Brazília
2019,16610.0,China,97.92,68.95,54.54,64.03,39.24,29.09,42.46,81.91,78.91,CHN,Kína
2019,13230.0,Sri Lanka,95.3,27.34,58.97,72.3,30.24,26.32,51.9,57.69,59.11,LKA,Srí Lanka
2019,10220.0,Philippines,90.73,29.46,59.17,65.87,35.09,21.83,44.15,74.47,60.23,PHL,Fülöp-szigetek
2019,7840.0,Viet Nam,88.82,33.33,51.22,54.54,37.7,19.66,28.33,87.13,71.24,VNM,Vietnám
2019,24040.0,Kazakhstan,87.17,38.83,33.49,51.27,29.83,11.51,29.75,74.25,39.78,KAZ,Kazahsztán
2019,12920.0,Iran (Islamic Republic of),87.02,37.74,50.67,51.18,35.8,16.87,48.38,79.35,70.99,IRN,Irán
2019,11820.0,Egypt,83.98,23.67,49.29,44.22,26.46,13.6,49.17,86.48,91.98,EGY,Egyiptom
2020,62600.0,Denmark,192.67,100.88,74.9,80.0,83.0,7.45,28.85,21.33,81.8,DNK,Dánia
2020,69190.0,Switzerland,192.01,119.53,78.4,72.44,122.4,8.68,29.09,22.39,79.24,CHE,Svájc
2020,51680.0,Finland,190.22,99.93,76.68,75.79,70.29,8.35,29.9,11.55,58.87,FIN,Finnország
2020,51330.0,Australia,186.21,107.31,58.64,77.38,73.54,7.52,34.73,23.46,92.7,AUS,Ausztrália
2020,58300.0,Netherlands,183.67,90.73,72.38,74.65,73.75,7.51,29.43,27.41,87.61,NLD,Hollandia
2020,55590.0,Austria,182.5,82.38,76.27,78.73,70.38,10.88,26.27,22.19,77.3,AUT,Ausztria
2020,53590.0,Iceland,181.75,79.44,76.64,65.92,100.48,6.74,20.1,16.21,68.81,ISL,Izland
2020,42770.0,New Zealand,181.02,92.66,59.07,73.81,72.53,8.52,31.1,23.4,95.46,NZL,Új-Zéland
2020,55770.0,Germany,179.78,102.36,65.19,73.32,65.26,9.38,30.98,29.03,83.0,DEU,Németország
2020,37850.0,Estonia,177.82,71.3,76.86,72.67,50.93,9.06,24.53,19.81,64.28,EST,Észtország
2020,56630.0,Sweden,175.95,101.73,52.93,69.23,69.85,9.27,30.49,18.09,73.97,SWE,Svédország
2020,66110.0,Norway,175.19,88.38,64.57,74.36,101.43,8.77,26.99,20.35,71.37,NOR,Norvégia
2020,39820.0,Slovenia,172.15,66.31,78.93,64.58,53.43,10.49,27.3,24.06,77.56,SVN,Szlovénia
2020,64610.0,United States of America,172.11,109.52,52.8,69.27,71.05,3.52,32.89,36.88,77.54,USA,Amerikai Egyesült Államok
2020,38570.0,Spain,169.82,72.03,68.04,78.88,53.77,9.37,29.1,39.99,94.19,ESP,Spanyolország
2020,42460.0,Japan,167.99,87.28,79.34,81.14,83.35,13.0,39.15,39.59,84.79,JPN,Japán
2020,,Oman,167.09,80.97,79.21,58.15,49.28,9.08,22.8,37.74,67.22,OMN,Omán
2020,47580.0,Canada,163.47,95.09,60.33,71.58,67.62,7.97,33.87,27.83,50.57,CAN,Kanada
2020,33550.0,Portugal,162.91,49.43,70.37,71.88,49.52,12.7,30.0,30.89,97.31,PRT,Portugália
2020,45170.0,United Kingdom of Great Britain,162.71,91.73,56.29,74.46,67.28,10.09,34.53,40.56,87.62,GBR,Egyesült Királyság
2020,88030.0,Qatar,162.29,111.69,88.14,73.3,64.04,5.82,29.72,61.06,36.03,QAT,Katar
2020,38060.0,Lithuania,159.42,57.85,66.94,69.49,44.28,10.9,26.08,28.8,67.76,LTU,Litvánia
2020,29240.0,Croatia,159.01,50.42,75.29,62.68,49.7,13.73,29.11,30.46,89.05,HRV,Horvátország
2020,66660.0,United Arab Emirates,156.67,91.58,84.3,67.04,61.98,5.29,36.85,51.15,45.23,ARE,Egyesült Arab Emírségek
2020,40580.0,Czechia,156.24,62.82,74.48,74.62,46.15,15.42,29.65,40.23,77.13,CZE,Csehország
2020,47450.0,France,153.95,80.36,53.21,79.99,74.14,13.04,34.76,43.56,90.25,FRA,Franciaország
2020,72470.0,Ireland,153.53,80.88,54.57,51.89,75.91,7.49,37.68,33.99,89.13,IRL,Írország
2020,53180.0,Belgium,153.47,86.28,56.02,74.34,71.78,6.91,36.15,52.94,85.99,BEL,Belgium
2020,31660.0,Slovakia,152.53,56.94,70.78,60.02,44.46,10.25,29.11,39.66,78.13,SVK,Szlovákia
2020,47770.0,Saudi Arabia,150.56,100.0,73.82,59.11,48.34,2.79,28.61,65.09,45.98,SAU,Szaúd-Arábia
2020,32200.0,Latvia,150.0,52.48,63.05,62.91,47.94,8.85,32.89,33.73,74.7,LVA,Lettország
2020,41960.0,Israel,149.94,78.09,70.4,73.29,81.15,12.83,35.91,57.25,93.78,ISR,Izrael
2020,36840.0,Cyprus,147.93,57.41,69.99,51.75,57.93,8.2,23.95,53.55,92.8,CYP,Ciprus
2020,86450.0,Singapore,144.39,88.96,69.43,70.84,81.1,22.31,41.31,33.48,57.45,SGP,Szingapúr
2020,,Taiwan,143.23,65.67,84.35,86.71,61.37,23.69,31.93,63.35,84.38,TWN,Tajvan
2020,33160.0,Poland,141.83,59.61,71.5,61.01,40.04,11.38,31.72,54.46,76.14,POL,Lengyelország
2020,42400.0,Italy,140.76,65.59,55.74,66.59,67.26,9.71,34.42,55.63,92.27,ITA,Olaszország
2020,43650.0,"Korea, Republic of",139.02,85.21,71.98,81.97,78.18,17.37,39.57,62.48,68.39,KOR,Dél-Korea (Koreai Köztársaság)
2020,19390.0,Belarus,134.83,37.0,75.01,59.04,34.7,14.65,30.68,43.63,64.37,BLR,Fehéroroszország
2020,28260.0,Greece,133.07,43.68,59.68,56.21,55.67,10.6,33.84,52.55,94.18,GRC,Görögország
2020,31450.0,Romania,132.44,48.86,72.36,55.06,35.31,11.33,34.75,58.42,77.62,ROU,Románia
2020,13130.0,South Africa,131.97,73.61,22.51,64.14,42.87,3.93,39.43,57.3,95.25,ZAF,Dél-afrikai Köztársaság
2020,24150.0,Bulgaria,129.8,49.37,61.5,55.4,36.7,8.52,29.39,65.33,82.76,BGR,Bulgária
2020,32360.0,Hungary,128.16,47.55,64.92,47.8,40.85,14.77,35.78,48.29,79.48,HUN,Magyarország
2020,27770.0,Turkey,127.1,40.85,60.51,69.8,34.69,7.81,44.65,67.35,93.26,TUR,Törökország
2020,21560.0,Uruguay,125.98,37.46,46.19,66.28,51.04,16.34,39.89,44.84,98.04,URY,Uruguay
2020,10580.0,Ecuador,125.14,36.08,49.1,70.59,40.98,12.7,37.55,57.0,94.51,ECU,Ecuador
2020,15600.0,Bosnia and Herzegovina,121.89,41.83,56.97,52.26,35.97,12.58,26.67,62.33,80.48,BIH,Bosznia-Hercegovina
2020,23980.0,Chile,119.76,42.5,54.77,65.44,43.62,14.93,35.44,65.78,90.21,CHL,Chile
2020,18150.0,Mexico,118.55,41.81,46.03,70.12,35.72,10.67,39.39,66.1,86.29,MEX,Mexikó
2020,27350.0,Malaysia,118.44,64.49,41.16,68.1,39.12,9.94,37.03,63.18,57.92,MYS,Malajzia
2020,18780.0,Serbia,116.3,36.72,62.59,51.27,35.72,18.94,30.43,60.32,83.23,SRB,Szerbia
2020,14070.0,Georgia,115.95,24.88,79.79,51.24,28.48,14.21,36.02,71.09,84.2,GEO,Grúzia
2020,,Kuwait,115.75,85.59,65.25,56.21,50.37,12.28,34.44,68.69,20.22,KWT,Kuvait
2020,20220.0,Argentina,115.31,47.22,38.23,69.25,32.95,24.53,43.08,50.67,98.28,ARG,Argentína
2020,10320.0,Jordan,112.4,34.88,59.17,64.6,53.67,8.42,42.03,77.78,89.05,JOR,Jordánia
2020,16360.0,North Macedonia,110.46,37.15,61.33,56.38,31.59,12.6,27.61,80.23,76.3,MKD,Észak-Macedónia
2020,6440.0,India,108.63,54.3,56.68,67.13,24.58,11.38,46.99,78.87,64.87,IND,India
2020,25940.0,Panama,108.36,34.23,52.81,59.93,54.16,12.6,36.48,63.09,67.84,PAN,Panama
2020,11840.0,Lebanon,106.56,44.47,56.64,64.38,60.5,13.23,37.38,88.37,94.74,LBN,Libanon
2020,14280.0,Colombia,105.83,31.12,45.21,67.24,30.66,19.65,47.49,62.83,96.69,COL,Kolumbia
2020,14550.0,Brazil,105.65,32.81,31.12,56.29,40.22,16.41,41.7,54.98,97.16,BRA,Brazília
2020,7190.0,Morocco,105.46,35.25,51.31,45.72,34.32,14.18,36.89,70.64,91.7,MAR,Marokkó
2020,4710.0,Pakistan,105.44,30.57,55.92,60.59,21.98,11.98,38.56,74.25,71.93,PAK,Pakisztán
2020,13260.0,Ukraine,104.77,31.8,51.15,52.33,33.18,12.23,38.65,65.08,71.42,UKR,Ukrajna
2020,17080.0,China,102.81,60.88,68.17,64.48,40.04,29.06,41.81,80.77,79.19,CHN,Kína
2020,27550.0,Russian Federation,102.31,38.94,58.88,57.59,39.21,10.77,45.3,62.79,40.36,RUS,Oroszország
2020,17710.0,Thailand,101.88,35.45,59.52,77.95,49.77,22.26,38.23,75.07,69.45,THA,Thaiföld
2020,62480.0,Hong Kong,99.05,65.32,79.3,66.08,77.22,47.46,41.46,67.69,83.64,HKG,Hongkong
2020,11740.0,Indonesia,97.47,25.05,54.16,60.48,37.27,18.88,43.11,66.56,74.15,IDN,Indonézia
2020,24400.0,Kazakhstan,88.31,38.36,37.98,50.7,30.64,10.86,31.08,75.15,39.78,KAZ,Kazahsztán
2020,8150.0,Viet Nam,87.48,28.14,54.65,57.7,38.34,21.36,30.17,86.47,71.24,VNM,Vietnám
2020,12210.0,Egypt,86.54,22.41,53.08,45.84,29.54,13.01,49.78,85.65,91.98,EGY,Egyiptom
2020,11510.0,Peru,85.46,33.95,31.85,56.15,38.65,14.95,48.33,84.13,97.69,PER,Peru
2020,9030.0,Philippines,85.37,23.48,57.84,67.47,37.63,24.6,44.63,74.28,60.81,PHL,Fülöp-szigetek
2020,12860.0,Sri Lanka,85.16,24.45,59.78,72.53,31.61,31.14,59.01,59.14,59.11,LKA,Srí Lanka
2020,13300.0,Iran (Islamic Republic of),74.14,22.69,50.75,51.7,39.01,25.11,48.01,77.45,70.99,IRN,Irán
2020,4500.0,Kenya,70.56,27.32,38.34,55.59,40.21,31.63,56.65,76.6,99.79,KEN,Kenya
2020,5390.0,Bangladesh,70.03,33.21,36.06,42.8,32.25,13.1,56.73,86.21,71.29,BGD,Banglades
2020,5000.0,Nigeria,55.65,13.52,36.23,51.59,31.0,16.7,61.08,87.63,60.75,NGA,Nigéria
2021,,Switzerland,190.82,110.96,78.65,74.47,131.75,8.42,28.73,20.09,80.05,CHE,Svájc
2021,,Denmark,190.01,94.73,73.28,79.96,91.67,6.66,28.69,20.4,81.8,DNK,Dánia
2021,,Netherlands,183.31,83.89,72.78,75.76,78.64,7.35,27.81,25.28,87.11,NLD,Hollandia
2021,,Finland,182.79,89.05,72.99,76.4,77.46,8.64,28.96,11.86,56.64,FIN,Finnország
2021,,Austria,182.37,78.23,74.77,78.4,75.49,10.4,25.68,19.2,77.79,AUT,Ausztria
2021,,Australia,181.52,99.29,57.56,77.71,84.14,7.38,35.04,23.48,92.7,AUS,Ausztrália
2021,,Iceland,179.1,71.88,75.87,65.69,96.77,6.31,19.98,16.24,68.81,ISL,Izland
2021,,Germany,176.76,93.72,64.58,73.77,70.62,9.12,31.36,27.48,82.97,DEU,Németország
2021,,New Zealand,175.77,81.44,57.74,73.58,79.14,8.09,30.7,23.81,96.35,NZL,Új-Zéland
2021,,Norway,173.57,79.43,66.65,75.5,106.09,8.49,26.87,18.14,68.68,NOR,Norvégia
2021,,Estonia,173.56,61.22,76.62,72.83,56.45,9.11,24.72,19.01,64.28,EST,Észtország
2021,,Oman,172.08,84.45,79.74,58.42,50.18,5.75,23.02,37.59,67.22,OMN,Omán
2021,,Sweden,171.4,90.55,52.8,68.8,79.17,8.56,29.89,18.44,74.92,SWE,Svédország
2021,,Slovenia,168.2,56.14,78.21,65.28,59.38,10.89,26.79,22.65,77.56,SVN,Szlovénia
2021,,United States of America,166.98,102.58,52.26,69.03,71.92,3.99,32.89,38.89,77.28,USA,Amerikai Egyesült Államok
2021,,Spain,164.48,62.68,66.87,78.8,59.09,9.59,29.38,39.62,93.18,ESP,Spanyolország
2021,,Japan,162.32,76.53,78.05,80.68,87.77,13.04,39.85,39.4,85.27,JPN,Japán
2021,,Portugal,161.91,44.96,70.11,71.93,52.88,12.65,29.64,29.57,97.72,PRT,Portugália
2021,,Lithuania,160.02,54.6,66.16,70.97,47.66,10.97,25.67,27.01,69.86,LTU,Litvánia
2021,,Canada,159.99,82.76,58.81,71.8,70.08,7.53,33.72,28.13,56.75,CAN,Kanada
2021,,United Kingdom of Great Britain,158.99,82.56,54.74,74.93,71.03,9.57,34.44,40.25,88.04,GBR,Egyesült Királyság
2021,,Czechia,156.33,56.4,74.69,75.37,49.18,15.46,29.72,36.3,77.13,CZE,Csehország
2021,,Croatia,156.1,43.13,75.09,64.23,56.36,14.2,28.13,30.58,89.69,HRV,Horvátország
2021,,United Arab Emirates,156.03,85.74,84.65,68.02,61.67,4.93,36.31,50.44,45.23,ARE,Egyesült Arab Emírségek
2021,,Qatar,154.58,93.12,87.71,73.0,64.23,5.97,30.45,60.18,36.03,QAT,Katar
2021,,Belgium,150.89,76.54,55.83,75.2,78.52,6.91,36.24,50.27,86.03,BEL,Belgium
2021,,Ireland,150.89,73.84,54.98,52.78,83.11,7.4,37.7,33.59,89.13,IRL,Írország
2021,,France,150.73,74.06,50.8,80.99,80.62,13.48,34.53,41.79,89.94,FRA,Franciaország
2021,,Slovakia,149.68,50.39,70.26,60.89,49.08,11.14,27.81,39.08,78.13,SVK,Szlovákia
2021,,Latvia,147.59,45.94,62.79,62.18,52.87,8.48,31.16,33.91,74.7,LVA,Lettország
2021,,Saudi Arabia,147.37,88.18,74.07,60.71,49.95,2.57,28.45,64.13,45.98,SAU,Szaúd-Arábia
2021,,Israel,144.14,70.36,68.79,73.76,86.63,13.68,35.76,58.42,93.78,ISR,Izrael
2021,,Cyprus,144.06,52.34,68.03,52.71,64.05,7.12,23.44,56.77,93.34,CYP,Ciprus
2021,,Singapore,143.82,83.62,67.02,70.88,85.59,19.38,41.19,33.16,57.45,SGP,Szingapúr
2021,,Taiwan,138.82,56.08,84.76,86.39,65.25,23.63,31.28,62.92,81.6,TWN,Tajvan
2021,,Italy,138.63,58.7,55.63,66.77,73.11,9.52,34.17,53.93,91.48,ITA,Olaszország
2021,,Hungary,134.01,49.81,65.19,51.64,42.75,11.6,35.81,47.81,79.48,HUN,Magyarország
2021,,Poland,132.65,47.09,70.68,58.25,42.04,14.03,31.34,54.33,75.9,POL,Lengyelország
2021,,South Africa,132.19,72.92,22.93,63.89,41.69,3.96,39.3,56.96,95.25,ZAF,Dél-afrikai Köztársaság
2021,,Romania,131.71,45.19,71.65,56.09,38.5,10.66,34.13,58.42,77.69,ROU,Románia
2021,,Puerto Rico,130.77,69.22,36.65,55.57,69.51,3.56,34.16,50.45,71.25,PRI,Puerto Rico
2021,,"Korea, Republic of",130.02,76.6,73.14,82.34,81.2,23.63,39.88,61.85,68.39,KOR,Dél-Korea (Koreai Köztársaság)
2021,,Greece,129.86,38.95,55.86,56.96,60.96,10.13,33.94,51.95,94.18,GRC,Görögország
2021,,Bulgaria,126.34,40.26,61.88,56.13,40.92,8.97,29.39,64.48,82.76,BGR,Bulgária
2021,,Turkey,125.97,35.35,60.47,70.71,31.48,8.21,44.64,66.15,93.26,TUR,Törökország
2021,,Bosnia and Herzegovina,125.71,42.56,56.99,53.48,38.56,10.75,25.89,60.71,80.48,BIH,Bosznia-Hercegovina
2021,,Uruguay,124.63,30.62,48.78,67.66,51.09,17.33,37.74,45.67,98.04,URY,Uruguay
2021,,Costa Rica,121.65,39.01,44.66,62.92,50.64,10.07,60.19,44.07,99.48,CRI,Costa Rica
2021,,Mexico,120.29,35.54,45.0,72.51,35.05,10.46,39.02,61.24,86.63,MEX,Mexikó
2021,,Georgia,118.87,25.67,77.38,53.83,28.05,14.16,35.4,69.7,88.53,GEO,Grúzia
2021,,Ecuador,118.76,30.54,45.59,68.81,40.08,12.59,39.57,58.34,94.51,ECU,Ecuador
2021,,Malaysia,116.94,56.1,42.11,69.59,39.51,9.92,37.0,62.58,59.11,MYS,Malajzia
2021,,Serbia,116.24,35.83,61.74,51.62,39.19,17.08,31.1,61.2,83.23,SRB,Szerbia
2021,,Jordan,114.04,33.13,59.27,65.38,52.17,8.03,41.41,76.09,89.05,JOR,Jordánia
2021,,Kuwait,113.98,75.32,65.96,58.97,49.4,13.18,33.72,66.72,20.22,KWT,Kuvait
2021,,Argentina,110.5,34.56,36.69,68.58,37.87,22.68,43.16,50.73,98.28,ARG,Argentína
2021,,Panama,110.32,32.05,54.15,60.43,54.07,12.33,37.55,59.77,67.84,PAN,Panama
2021,,North Macedonia,108.47,31.97,61.41,56.49,34.15,12.67,27.22,80.03,76.3,MKD,Észak-Macedónia
2021,,Ukraine,107.35,30.1,51.72,53.43,29.21,10.77,37.9,64.31,70.77,UKR,Ukrajna
2021,,Belarus,107.35,31.96,39.73,44.44,30.69,16.79,30.05,44.47,64.37,BLR,Fehéroroszország
2021,,Pakistan,105.14,27.28,56.14,60.52,21.59,12.62,37.8,73.36,73.63,PAK,Pakisztán
2021,,Brazil,104.75,28.66,32.15,57.33,31.82,16.13,41.71,54.53,92.39,BRA,Brazília
2021,,India,104.52,47.13,55.28,66.25,25.16,11.31,46.66,79.62,65.3,IND,India
2021,,Morocco,104.42,32.17,50.9,45.81,36.85,13.49,36.3,70.38,90.04,MAR,Marokkó
2021,,China,103.15,57.47,69.83,66.38,42.54,29.02,40.89,81.47,80.15,CHN,Kína
2021,,Azerbaijan,102.88,25.77,68.34,44.02,30.9,16.58,39.41,75.44,91.4,AZE,Azerbajdzsán
2021,,Russian Federation,101.67,34.61,59.87,58.44,33.17,11.14,44.6,62.32,38.46,RUS,Oroszország
2021,,Colombia,101.33,26.13,44.23,66.72,31.0,18.67,47.34,62.88,88.3,COL,Kolumbia
2021,,Thailand,100.29,31.36,60.62,78.08,49.32,22.16,39.19,75.39,69.45,THA,Thaiföld
2021,,Chile,99.9,33.33,47.92,63.72,49.33,17.6,35.56,78.96,90.21,CHL,Chile
2021,,Hong Kong,99.34,62.45,78.27,66.34,79.94,45.19,42.28,67.3,83.64,HKG,Hongkong
2021,,Kazakhstan,96.42,34.92,45.98,60.09,29.76,9.63,33.64,72.62,39.78,KAZ,Kazahsztán
2021,,Lebanon,94.47,29.49,53.04,63.29,75.88,14.07,39.06,89.35,94.74,LBN,Libanon
2021,,Indonesia,90.1,20.89,53.77,60.49,37.44,22.01,43.4,67.08,68.48,IDN,Indonézia
2021,,Viet Nam,88.38,27.26,53.91,58.28,38.05,20.59,29.61,85.92,71.09,VNM,Vietnám
2021,,Egypt,86.31,19.99,53.21,46.21,30.1,13.65,49.08,84.35,91.98,EGY,Egyiptom
2021,,Peru,83.3,28.81,33.39,56.38,36.26,16.88,48.81,82.69,97.69,PER,Peru
2021,,Sri Lanka,79.78,20.77,58.81,72.63,31.28,35.01,57.2,59.92,59.11,LKA,Srí Lanka
2021,,Philippines,78.39,19.71,57.84,67.09,40.65,30.14,44.04,74.06,61.03,PHL,Fülöp-szigetek
2021,,Kenya,75.77,27.67,38.6,55.83,36.3,27.27,57.39,75.88,99.79,KEN,Kenya
2021,,Bangladesh,65.27,24.07,35.78,42.7,33.31,14.43,58.53,84.91,72.91,BGD,Banglades
2021,,Iran (Islamic Republic of),64.73,19.0,50.81,52.25,41.34,34.24,47.43,76.13,70.99,IRN,Irán
2021,,Nigeria,52.0,9.78,36.14,48.89,29.74,17.74,61.68,87.35,60.75,NGA,Nigéria
